image_path,prompt,response
https://images.unsplash.com/photo-1514888286974-6c03e2ca1dba,What animal is shown in this image?,"This image shows a domestic cat with orange and white fur, likely a tabby cat. The cat appears to be resting or sitting in an indoor setting."
https://images.unsplash.com/photo-1552053831-71594a27632d,Describe the dog in the photo,"The image features a golden retriever dog with a friendly and happy expression. The dog has characteristic golden/cream-colored fur and appears to be outdoors."
https://images.unsplash.com/photo-1568605114967-8130f3a36994,What type of vehicle is this?,"This is a red sports car, appears to be a modern luxury or performance vehicle with sleek styling and aerodynamic design."
https://images.unsplash.com/photo-1506905925346-21bda4d32df4,What is the scenery in this image?,"The image shows a beautiful mountain landscape with snow-capped peaks in the background. The scene appears to be taken during daytime with clear blue skies."
https://images.unsplash.com/photo-1551963831-b3b1ca40c98e,What food items can you see?,This image shows a breakfast or brunch scene with what appears to be fruit bowls or smoothie bowls. The presentation suggests healthy and colorful food items.
https://images.unsplash.com/photo-1517694712202-14dd9538aa97,What is the main subject of this photo?,"The main subject is a laptop computer on a desk or workspace. The scene appears to be a typical work or study environment, possibly showing someone's home office or workspace setup."
https://images.unsplash.com/photo-1519681393784-d120267933ba,Describe the natural scene,"This image shows a stunning mountain landscape at either sunrise or sunset, with dramatic lighting illuminating mountain peaks. There appears to be a valley or lake below, creating a scenic vista."
https://images.unsplash.com/photo-1506905925346-21bda4d32df4,What colors are dominant in this image?,"The dominant colors in this image are blues and whites - blue from the sky and white from the snow-covered mountain peaks. There are also natural earth tones visible in the landscape."
https://images.unsplash.com/photo-1542291026-7eec264c27ff,What product is being shown?,"This image shows a Nike sneaker/shoe. It appears to be a lifestyle or athletic shoe with the recognizable Nike branding and design."
https://images.unsplash.com/photo-1518791841217-8f162f1e1131,Count the number of people visible,This image shows a coffee cup on what appears to be a desk or table. No people are clearly visible in the frame - it's a still life or product-style photograph.
