EC,Cof_ID
1.1.1.1,NAD
1.1.1.10,NAD
1.1.1.100,NAD
1.1.1.100,PNS
1.1.1.101,NAD
1.1.1.102,NAD
1.1.1.103,NAD
1.1.1.104,NAD
1.1.1.105,NAD
1.1.1.106,NAD
1.1.1.107,NAD
1.1.1.108,NAD
1.1.1.11,NAD
1.1.1.110,NAD
1.1.1.111,NAD
1.1.1.112,NAD
1.1.1.113,NAD
1.1.1.114,NAD
1.1.1.115,NAD
1.1.1.116,NAD
1.1.1.117,NAD
1.1.1.118,NAD
1.1.1.119,NAD
1.1.1.12,NAD
1.1.1.120,NAD
1.1.1.121,NAD
1.1.1.122,NAD
1.1.1.123,NAD
1.1.1.124,NAD
1.1.1.125,NAD
1.1.1.126,NAD
1.1.1.127,NAD
1.1.1.128,NAD
1.1.1.129,NAD
1.1.1.13,NAD
1.1.1.130,NAD
1.1.1.131,NAD
1.1.1.132,NAD
1.1.1.133,NAD
1.1.1.134,NAD
1.1.1.135,NAD
1.1.1.136,NAD
1.1.1.137,NAD
1.1.1.138,NAD
1.1.1.14,NAD
1.1.1.140,NAD
1.1.1.141,NAD
1.1.1.142,NAD
1.1.1.143,NAD
1.1.1.144,NAD
1.1.1.145,NAD
1.1.1.146,NAD
1.1.1.147,NAD
1.1.1.148,NAD
1.1.1.149,NAD
1.1.1.15,NAD
1.1.1.150,NAD
1.1.1.151,NAD
1.1.1.152,NAD
1.1.1.153,NAD
1.1.1.154,NAD
1.1.1.156,NAD
1.1.1.157,NAD
1.1.1.158,FAD
1.1.1.158,NAD
1.1.1.159,NAD
1.1.1.16,NAD
1.1.1.160,NAD
1.1.1.161,NAD
1.1.1.162,NAD
1.1.1.163,NAD
1.1.1.164,NAD
1.1.1.165,NAD
1.1.1.166,NAD
1.1.1.167,NAD
1.1.1.168,NAD
1.1.1.169,NAD
1.1.1.17,NAD
1.1.1.170,NAD
1.1.1.172,NAD
1.1.1.173,NAD
1.1.1.174,NAD
1.1.1.175,NAD
1.1.1.176,NAD
1.1.1.177,NAD
1.1.1.178,NAD
1.1.1.179,NAD
1.1.1.18,NAD
1.1.1.181,NAD
1.1.1.183,NAD
1.1.1.184,NAD
1.1.1.185,NAD
1.1.1.186,NAD
1.1.1.187,NAD
1.1.1.188,NAD
1.1.1.189,NAD
1.1.1.19,NAD
1.1.1.190,NAD
1.1.1.191,NAD
1.1.1.192,NAD
1.1.1.193,NAD
1.1.1.194,NAD
1.1.1.195,NAD
1.1.1.196,NAD
1.1.1.197,NAD
1.1.1.198,NAD
1.1.1.199,NAD
1.1.1.2,NAD
1.1.1.20,NAD
1.1.1.200,NAD
1.1.1.201,NAD
1.1.1.202,NAD
1.1.1.203,NAD
1.1.1.205,NAD
1.1.1.206,NAD
1.1.1.207,NAD
1.1.1.208,NAD
1.1.1.209,NAD
1.1.1.21,NAD
1.1.1.210,NAD
1.1.1.211,NAD
1.1.1.212,NAD
1.1.1.213,NAD
1.1.1.214,NAD
1.1.1.215,HEA
1.1.1.215,FAD
1.1.1.215,NAD
1.1.1.216,NAD
1.1.1.217,NAD
1.1.1.218,NAD
1.1.1.219,NAD
1.1.1.22,NAD
1.1.1.220,NAD
1.1.1.221,NAD
1.1.1.222,NAD
1.1.1.223,NAD
1.1.1.224,NAD
1.1.1.225,NAD
1.1.1.226,NAD
1.1.1.227,NAD
1.1.1.228,NAD
1.1.1.229,NAD
1.1.1.23,NAD
1.1.1.230,NAD
1.1.1.231,NAD
1.1.1.232,NAD
1.1.1.233,NAD
1.1.1.234,NAD
1.1.1.235,NAD
1.1.1.236,NAD
1.1.1.237,NAD
1.1.1.238,NAD
1.1.1.239,NAD
1.1.1.24,NAD
1.1.1.240,NAD
1.1.1.241,NAD
1.1.1.243,NAD
1.1.1.244,NAD
1.1.1.245,NAD
1.1.1.246,NAD
1.1.1.247,NAD
1.1.1.248,NAD
1.1.1.25,NAD
1.1.1.250,NAD
1.1.1.251,NAD
1.1.1.252,NAD
1.1.1.254,NAD
1.1.1.255,NAD
1.1.1.256,NAD
1.1.1.257,NAD
1.1.1.258,NAD
1.1.1.259,B12
1.1.1.259,NAD
1.1.1.26,NAD
1.1.1.260,NAD
1.1.1.261,NAD
1.1.1.262,NAD
1.1.1.263,NAD
1.1.1.264,NAD
1.1.1.265,NAD
1.1.1.266,NAD
1.1.1.267,NAD
1.1.1.268,NAD
1.1.1.269,NAD
1.1.1.27,FMN
1.1.1.27,NAD
1.1.1.270,NAD
1.1.1.271,NAD
1.1.1.272,NAD
1.1.1.273,NAD
1.1.1.274,NAD
1.1.1.275,NAD
1.1.1.276,NAD
1.1.1.277,NAD
1.1.1.278,NAD
1.1.1.279,NAD
1.1.1.28,HEA
1.1.1.28,FAD
1.1.1.28,NAD
1.1.1.280,NAD
1.1.1.281,NAD
1.1.1.282,NAD
1.1.1.283,NAD
1.1.1.284,FMN
1.1.1.284,NAD
1.1.1.285,NAD
1.1.1.286,NAD
1.1.1.287,NAD
1.1.1.288,MGD
1.1.1.288,NAD
1.1.1.289,FAD
1.1.1.289,NAD
1.1.1.29,NAD
1.1.1.290,NAD
1.1.1.291,NAD
1.1.1.292,NAD
1.1.1.294,NAD
1.1.1.295,NAD
1.1.1.296,NAD
1.1.1.297,NAD
1.1.1.298,NAD
1.1.1.299,NAD
1.1.1.3,NAD
1.1.1.30,NAD
1.1.1.300,NAD
1.1.1.301,NAD
1.1.1.302,NAD
1.1.1.303,NAD
1.1.1.304,NAD
1.1.1.305,NAD
1.1.1.306,NAD
1.1.1.307,NAD
1.1.1.308,NAD
1.1.1.309,NAD
1.1.1.31,NAD
1.1.1.311,NAD
1.1.1.312,NAD
1.1.1.314,NAD
1.1.1.315,NAD
1.1.1.316,NAD
1.1.1.32,NAD
1.1.1.320,NAD
1.1.1.321,NAD
1.1.1.322,NAD
1.1.1.323,NAD
1.1.1.324,NAD
1.1.1.326,NAD
1.1.1.327,NAD
1.1.1.328,FMN
1.1.1.328,NAD
1.1.1.329,NAD
1.1.1.33,NAD
1.1.1.331,NAD
1.1.1.332,NAD
1.1.1.333,NAD
1.1.1.334,NAD
1.1.1.335,NAD
1.1.1.336,NAD
1.1.1.337,NAD
1.1.1.34,NAD
1.1.1.34,COA
1.1.1.340,NAD
1.1.1.342,NAD
1.1.1.343,NAD
1.1.1.344,NAD
1.1.1.345,NAD
1.1.1.346,NAD
1.1.1.347,NAD
1.1.1.348,NAD
1.1.1.35,NAD
1.1.1.350,NAD
1.1.1.351,NAD
1.1.1.352,NAD
1.1.1.354,NAD
1.1.1.356,NAD
1.1.1.357,NAD
1.1.1.359,NAD
1.1.1.36,NAD
1.1.1.360,NAD
1.1.1.361,NAD
1.1.1.363,NAD
1.1.1.364,NAD
1.1.1.365,NAD
1.1.1.366,NAD
1.1.1.367,NAD
1.1.1.368,NAD
1.1.1.369,NAD
1.1.1.37,NAD
1.1.1.370,NAD
1.1.1.371,NAD
1.1.1.373,NAD
1.1.1.375,NAD
1.1.1.376,NAD
1.1.1.377,NAD
1.1.1.378,NAD
1.1.1.379,NAD
1.1.1.38,NAD
1.1.1.380,NAD
1.1.1.381,NAD
1.1.1.382,NAD
1.1.1.383,NAD
1.1.1.384,NAD
1.1.1.386,NAD
1.1.1.387,NAD
1.1.1.388,NAD
1.1.1.389,NAD
1.1.1.39,NAD
1.1.1.390,NAD
1.1.1.391,NAD
1.1.1.394,NAD
1.1.1.395,NAD
1.1.1.396,NAD
1.1.1.398,NAD
1.1.1.399,NAD
1.1.1.4,NAD
1.1.1.40,NAD
1.1.1.400,NAD
1.1.1.401,NAD
1.1.1.402,NAD
1.1.1.403,NAD
1.1.1.404,FMN
1.1.1.404,NAD
1.1.1.406,NAD
1.1.1.41,NAD
1.1.1.410,NAD
1.1.1.411,NAD
1.1.1.412,NAD
1.1.1.414,NAD
1.1.1.415,NAD
1.1.1.416,NAD
1.1.1.417,NAD
1.1.1.418,NAD
1.1.1.419,NAD
1.1.1.42,NAD
1.1.1.422,NAD
1.1.1.43,NAD
1.1.1.44,NAD
1.1.1.45,NAD
1.1.1.46,NAD
1.1.1.47,FAD
1.1.1.47,NAD
1.1.1.48,NAD
1.1.1.49,NAD
1.1.1.5,LPA
1.1.1.5,NAD
1.1.1.50,NAD
1.1.1.51,NAD
1.1.1.52,NAD
1.1.1.53,NAD
1.1.1.54,NAD
1.1.1.55,NAD
1.1.1.56,NAD
1.1.1.57,NAD
1.1.1.58,NAD
1.1.1.59,NAD
1.1.1.6,NAD
1.1.1.60,NAD
1.1.1.61,NAD
1.1.1.62,NAD
1.1.1.63,NAD
1.1.1.64,NAD
1.1.1.65,NAD
1.1.1.66,NAD
1.1.1.67,NAD
1.1.1.69,NAD
1.1.1.7,NAD
1.1.1.71,NAD
1.1.1.72,NAD
1.1.1.73,NAD
1.1.1.75,NAD
1.1.1.76,NAD
1.1.1.77,NAD
1.1.1.78,NAD
1.1.1.79,NAD
1.1.1.8,NAD
1.1.1.80,NAD
1.1.1.81,NAD
1.1.1.82,NAD
1.1.1.83,NAD
1.1.1.84,NAD
1.1.1.85,NAD
1.1.1.86,NAD
1.1.1.87,NAD
1.1.1.88,NAD
1.1.1.88,COA
1.1.1.9,NAD
1.1.1.90,NAD
1.1.1.91,NAD
1.1.1.92,NAD
1.1.1.93,NAD
1.1.1.94,FAD
1.1.1.94,NAD
1.1.1.95,NAD
1.1.1.96,NAD
1.1.1.97,NAD
1.1.1.98,NAD
1.1.1.99,NAD
1.1.1.B18,NAD
1.1.1.B19,NAD
1.1.1.B20,NAD
1.1.1.B25,NAD
1.1.1.B28,NAD
1.1.1.B3,NAD
1.1.1.B35,NAD
1.1.1.B38,NAD
1.1.1.B4,NAD
1.1.1.B40,NAD
1.1.1.B47,NAD
1.1.1.B52,NAD
1.1.1.B58,FAD
1.1.1.B58,NAD
1.1.1.B60,NAD
1.1.1.B61,NAD
1.1.1.B64,NAD
1.1.1.B65,NAD
1.1.2.2,HEA
1.1.2.3,HEA
1.1.2.3,HEA
1.1.2.3,FAD
1.1.2.3,FAD
1.1.2.3,FMN
1.1.2.4,HEA
1.1.2.4,FAD
1.1.2.4,FAD
1.1.2.4,FMN
1.1.2.6,HEA
1.1.2.7,HEA
1.1.2.7,PQQ
1.1.2.8,HEA
1.1.2.9,HEA
1.1.2.B5,HEA
1.1.3.10,FAD
1.1.3.12,FAD
1.1.3.13,FAD
1.1.3.15,FAD
1.1.3.15,FAD
1.1.3.15,FMN
1.1.3.16,NAD
1.1.3.17,FAD
1.1.3.19,FAD
1.1.3.2,FMN
1.1.3.20,FAD
1.1.3.21,FAD
1.1.3.23,FAD
1.1.3.28,FAD
1.1.3.3,FAD
1.1.3.37,FAD
1.1.3.38,FAD
1.1.3.39,HEA
1.1.3.39,FAD
1.1.3.4,FAD
1.1.3.41,FAD
1.1.3.42,FAD
1.1.3.43,FAD
1.1.3.44,FAD
1.1.3.45,FAD
1.1.3.46,FMN
1.1.3.47,FAD
1.1.3.49,FAD
1.1.3.5,FAD
1.1.3.6,FAD
1.1.3.6,FAD
1.1.3.6,FMN
1.1.3.7,FAD
1.1.3.8,FAD
1.1.3.9,FAD
1.1.3.B4,HEA
1.1.5.10,FAD
1.1.5.11,HEA
1.1.5.12,FAD
1.1.5.13,FAD
1.1.5.13,NAD
1.1.5.2,PQQ
1.1.5.3,UQ1
1.1.5.3,FAD
1.1.5.3,FMN
1.1.5.4,MQ7
1.1.5.4,UQ1
1.1.5.4,FAD
1.1.5.5,UQ1
1.1.5.5,UQ1
1.1.5.5,HEA
1.1.5.6,MQ7
1.1.5.6,MGD
1.1.5.6,HEA
1.1.5.9,FAD
1.1.9.1,HEA
1.1.98.1,HEA
1.1.98.3,FAD
1.1.98.4,FAD
1.1.98.6,SAM
1.1.99.1,UQ1
1.1.99.1,PQQ
1.1.99.1,FAD
1.1.99.10,FAD
1.1.99.11,HEA
1.1.99.11,FAD
1.1.99.12,HEA
1.1.99.13,FAD
1.1.99.14,HEA
1.1.99.14,NAD
1.1.99.16,FAD
1.1.99.18,HEA
1.1.99.18,HEA
1.1.99.18,FAD
1.1.99.18,FAD
1.1.99.18,FMN
1.1.99.2,FAD
1.1.99.2,FAD
1.1.99.2,NAD
1.1.99.20,UQ1
1.1.99.20,HEA
1.1.99.20,PQQ
1.1.99.20,FAD
1.1.99.21,HEA
1.1.99.21,FAD
1.1.99.21,FAD
1.1.99.21,NAD
1.1.99.22,UQ1
1.1.99.22,PQQ
1.1.99.23,PQQ
1.1.99.24,NAD
1.1.99.27,FAD
1.1.99.27,FMN
1.1.99.28,NAD
1.1.99.29,FAD
1.1.99.3,HEA
1.1.99.3,FAD
1.1.99.31,FMN
1.1.99.33,MGD
1.1.99.36,NAD
1.1.99.37,FAD
1.1.99.37,NAD
1.1.99.39,FAD
1.1.99.4,HEA
1.1.99.4,FAD
1.1.99.40,FAD
1.1.99.42,FAD
1.1.99.42,NAD
1.1.99.6,UQ1
1.1.99.6,HEA
1.1.99.6,FAD
1.1.99.7,NAD
1.1.99.8,PQQ
1.1.99.9,FAD
1.1.99.B1,FAD
1.1.99.B3,FAD
1.1.99.B7,HEA
1.1.99.B9,FMN
1.10.1.1,NAD
1.10.2.2,UQ1
1.10.2.2,HEA
1.10.3.1,HEA
1.10.3.10,UQ1
1.10.3.10,HEA
1.10.3.11,HEA
1.10.3.12,HEA
1.10.3.13,HEA
1.10.3.14,HEA
1.10.3.16,FMN
1.10.3.3,HEA
1.10.3.4,FAD
1.10.3.9,HEA
1.10.5.1,FAD
1.10.5.1,FMN
1.10.5.1,NAD
1.10.9.1,HEA
1.10.99.2,FAD
1.10.99.3,ASC
1.11.1.1,FAD
1.11.1.1,NAD
1.11.1.10,HEA
1.11.1.11,ASC
1.11.1.11,HEA
1.11.1.12,GSH
1.11.1.13,HEA
1.11.1.14,HEA
1.11.1.16,HEA
1.11.1.17,FAD
1.11.1.17,GSH
1.11.1.19,HEA
1.11.1.2,NAD
1.11.1.21,HEA
1.11.1.23,FAD
1.11.1.23,FMN
1.11.1.23,NAD
1.11.1.5,HEA
1.11.1.6,HEA
1.11.1.7,HEA
1.11.1.8,HEA
1.11.1.9,GSH
1.11.1.B2,HEA
1.11.1.B7,HEA
1.11.2.1,HEA
1.11.2.1,NAD
1.11.2.2,HEA
1.11.2.3,HEA
1.11.2.4,HEA
1.11.2.5,HEA
1.12.1.2,FAD
1.12.1.2,FAD
1.12.1.2,FMN
1.12.1.2,NAD
1.12.1.3,FAD
1.12.1.3,NAD
1.12.1.4,FAD
1.12.1.4,FMN
1.12.1.4,NAD
1.12.1.5,FAD
1.12.2.1,HEA
1.12.2.1,NAD
1.12.5.1,HEA
1.12.7.2,FAD
1.12.7.2,NAD
1.12.98.1,FAD
1.12.98.3,HEA
1.12.98.4,MGD
1.12.98.4,FAD
1.12.98.4,NAD
1.12.99.6,HEA
1.12.99.6,FAD
1.12.99.6,FMN
1.12.99.6,NAD
1.13.11.11,HEA
1.13.11.17,FAD
1.13.11.18,GSH
1.13.11.20,FAD
1.13.11.20,NAD
1.13.11.26,HEA
1.13.11.29,NAD
1.13.11.30,NAD
1.13.11.32,FAD
1.13.11.32,FMN
1.13.11.44,HEA
1.13.11.49,HEA
1.13.11.5,ASC
1.13.11.50,HEA
1.13.11.52,THF
1.13.11.52,HEA
1.13.11.52,HEA
1.13.11.52,FMN
1.13.11.60,HEA
1.13.11.79,NAD
1.13.11.85,HEA
1.13.11.87,HEA
1.13.11.9,HEA
1.13.12.1,FAD
1.13.12.14,NAD
1.13.12.16,HEA
1.13.12.16,FAD
1.13.12.16,FAD
1.13.12.16,FMN
1.13.12.17,HEA
1.13.12.17,NAD
1.13.12.2,FAD
1.13.12.3,FAD
1.13.12.4,FAD
1.13.12.4,FMN
1.13.12.7,B12
1.13.12.9,FAD
1.13.99.1,FAD
1.13.99.3,HEA
1.13.99.B1,HEA
1.14.11.1,ASC
1.14.11.10,ASC
1.14.11.11,ASC
1.14.11.13,ASC
1.14.11.14,ASC
1.14.11.15,ASC
1.14.11.17,ASC
1.14.11.18,ASC
1.14.11.19,ASC
1.14.11.2,ASC
1.14.11.20,ASC
1.14.11.22,ASC
1.14.11.23,ASC
1.14.11.3,ASC
1.14.11.4,ASC
1.14.11.6,ASC
1.14.11.65,FAD
1.14.11.66,FAD
1.14.11.67,FAD
1.14.11.7,ASC
1.14.11.8,ASC
1.14.11.9,ASC
1.14.11.9,ASC
1.14.11.9,HEA
1.14.11.B1,FAD
1.14.11.B2,FAD
1.14.12.1,NAD
1.14.12.10,FAD
1.14.12.10,FAD
1.14.12.10,NAD
1.14.12.11,FAD
1.14.12.11,NAD
1.14.12.12,FAD
1.14.12.12,FAD
1.14.12.12,FMN
1.14.12.12,NAD
1.14.12.13,FAD
1.14.12.13,FMN
1.14.12.13,NAD
1.14.12.14,FAD
1.14.12.14,NAD
1.14.12.15,FAD
1.14.12.15,NAD
1.14.12.16,NAD
1.14.12.17,HEA
1.14.12.17,HEA
1.14.12.17,FAD
1.14.12.17,FAD
1.14.12.17,NAD
1.14.12.18,FAD
1.14.12.18,NAD
1.14.12.19,NAD
1.14.12.20,NAD
1.14.12.21,FAD
1.14.12.21,NAD
1.14.12.22,FAD
1.14.12.22,NAD
1.14.12.23,NAD
1.14.12.24,FAD
1.14.12.24,NAD
1.14.12.25,NAD
1.14.12.26,NAD
1.14.12.3,FAD
1.14.12.3,FAD
1.14.12.3,NAD
1.14.12.4,FAD
1.14.12.4,NAD
1.14.12.5,FAD
1.14.12.5,NAD
1.14.12.7,FAD
1.14.12.7,FMN
1.14.12.7,FMN
1.14.12.7,NAD
1.14.12.8,FAD
1.14.12.8,FMN
1.14.12.8,FMN
1.14.12.8,NAD
1.14.12.9,FMN
1.14.12.9,NAD
1.14.13.1,HEA
1.14.13.1,FAD
1.14.13.1,FAD
1.14.13.1,NAD
1.14.13.10,FAD
1.14.13.10,FAD
1.14.13.10,NAD
1.14.13.100,HEA
1.14.13.100,NAD
1.14.13.101,FAD
1.14.13.101,NAD
1.14.13.102,NAD
1.14.13.103,HEA
1.14.13.103,NAD
1.14.13.104,HEA
1.14.13.104,FAD
1.14.13.104,FMN
1.14.13.104,NAD
1.14.13.105,FAD
1.14.13.105,NAD
1.14.13.106,HEA
1.14.13.106,NAD
1.14.13.107,FAD
1.14.13.107,FAD
1.14.13.107,NAD
1.14.13.108,HEA
1.14.13.108,FAD
1.14.13.108,FMN
1.14.13.108,NAD
1.14.13.109,HEA
1.14.13.109,FAD
1.14.13.109,FMN
1.14.13.109,NAD
1.14.13.11,HEA
1.14.13.11,NAD
1.14.13.110,HEA
1.14.13.110,NAD
1.14.13.111,FAD
1.14.13.111,NAD
1.14.13.112,HEA
1.14.13.112,NAD
1.14.13.113,FAD
1.14.13.113,NAD
1.14.13.114,FAD
1.14.13.114,FAD
1.14.13.114,NAD
1.14.13.115,HEA
1.14.13.115,NAD
1.14.13.119,HEA
1.14.13.12,H4B
1.14.13.12,FAD
1.14.13.12,NAD
1.14.13.120,HEA
1.14.13.121,HEA
1.14.13.123,FAD
1.14.13.123,NAD
1.14.13.127,FAD
1.14.13.127,NAD
1.14.13.128,NAD
1.14.13.129,HEA
1.14.13.129,FAD
1.14.13.129,NAD
1.14.13.13,HEA
1.14.13.13,NAD
1.14.13.130,FAD
1.14.13.130,NAD
1.14.13.131,FMN
1.14.13.131,NAD
1.14.13.135,FAD
1.14.13.135,NAD
1.14.13.137,HEA
1.14.13.138,HEA
1.14.13.139,HEA
1.14.13.14,NAD
1.14.13.140,HEA
1.14.13.141,HEA
1.14.13.141,NAD
1.14.13.142,HEA
1.14.13.142,NAD
1.14.13.146,HEA
1.14.13.147,HEA
1.14.13.148,FAD
1.14.13.149,FAD
1.14.13.15,HEA
1.14.13.15,NAD
1.14.13.150,HEA
1.14.13.151,HEA
1.14.13.151,NAD
1.14.13.152,HEA
1.14.13.152,FAD
1.14.13.154,HEA
1.14.13.155,HEA
1.14.13.156,HEA
1.14.13.156,FMN
1.14.13.158,HEA
1.14.13.158,NAD
1.14.13.16,FAD
1.14.13.16,NAD
1.14.13.160,FAD
1.14.13.161,HEA
1.14.13.161,NAD
1.14.13.162,FAD
1.14.13.162,FMN
1.14.13.162,NAD
1.14.13.163,FAD
1.14.13.163,NAD
1.14.13.165,THF
1.14.13.165,H4B
1.14.13.165,FAD
1.14.13.165,FMN
1.14.13.165,NAD
1.14.13.166,FAD
1.14.13.166,NAD
1.14.13.167,FAD
1.14.13.167,NAD
1.14.13.168,FAD
1.14.13.17,HEA
1.14.13.17,NAD
1.14.13.170,FAD
1.14.13.171,FAD
1.14.13.172,NAD
1.14.13.173,HEA
1.14.13.177,HEA
1.14.13.178,NAD
1.14.13.179,NAD
1.14.13.18,FAD
1.14.13.18,FAD
1.14.13.18,NAD
1.14.13.180,FAD
1.14.13.180,NAD
1.14.13.181,HEA
1.14.13.182,NAD
1.14.13.183,HEA
1.14.13.184,HEA
1.14.13.185,HEA
1.14.13.187,FAD
1.14.13.187,FMN
1.14.13.188,HEA
1.14.13.19,FAD
1.14.13.19,FAD
1.14.13.19,NAD
1.14.13.190,HEA
1.14.13.195,FAD
1.14.13.196,FAD
1.14.13.196,NAD
1.14.13.197,HEA
1.14.13.198,HEA
1.14.13.199,HEA
1.14.13.2,HEA
1.14.13.2,FAD
1.14.13.2,FAD
1.14.13.2,NAD
1.14.13.20,FAD
1.14.13.20,FAD
1.14.13.20,NAD
1.14.13.200,FAD
1.14.13.201,HEA
1.14.13.202,HEA
1.14.13.202,NAD
1.14.13.203,HEA
1.14.13.205,NAD
1.14.13.208,FAD
1.14.13.209,NAD
1.14.13.21,HEA
1.14.13.21,NAD
1.14.13.210,FAD
1.14.13.210,NAD
1.14.13.211,FAD
1.14.13.211,NAD
1.14.13.212,FAD
1.14.13.212,NAD
1.14.13.215,FAD
1.14.13.215,FMN
1.14.13.215,NAD
1.14.13.216,FAD
1.14.13.216,NAD
1.14.13.217,FAD
1.14.13.217,NAD
1.14.13.218,FAD
1.14.13.218,NAD
1.14.13.22,FAD
1.14.13.22,FAD
1.14.13.22,FMN
1.14.13.22,NAD
1.14.13.220,NAD
1.14.13.221,HEA
1.14.13.222,FAD
1.14.13.222,NAD
1.14.13.223,FAD
1.14.13.224,FAD
1.14.13.224,NAD
1.14.13.225,FAD
1.14.13.225,NAD
1.14.13.23,FAD
1.14.13.23,FAD
1.14.13.23,NAD
1.14.13.230,NAD
1.14.13.231,FAD
1.14.13.232,FAD
1.14.13.233,FAD
1.14.13.236,FAD
1.14.13.237,FAD
1.14.13.238,HEA
1.14.13.238,FAD
1.14.13.238,FMN
1.14.13.238,NAD
1.14.13.239,FAD
1.14.13.239,NAD
1.14.13.24,FAD
1.14.13.24,FAD
1.14.13.24,NAD
1.14.13.240,FAD
1.14.13.241,FAD
1.14.13.241,NAD
1.14.13.242,FAD
1.14.13.242,NAD
1.14.13.243,FAD
1.14.13.244,FAD
1.14.13.244,NAD
1.14.13.245,NAD
1.14.13.246,NAD
1.14.13.25,HEA
1.14.13.25,FAD
1.14.13.25,NAD
1.14.13.26,NAD
1.14.13.27,FAD
1.14.13.27,FAD
1.14.13.27,NAD
1.14.13.28,HEA
1.14.13.28,FAD
1.14.13.28,FMN
1.14.13.28,NAD
1.14.13.29,FAD
1.14.13.29,FAD
1.14.13.29,NAD
1.14.13.3,FAD
1.14.13.3,NAD
1.14.13.30,HEA
1.14.13.30,NAD
1.14.13.31,FAD
1.14.13.31,NAD
1.14.13.32,FAD
1.14.13.32,NAD
1.14.13.33,FAD
1.14.13.33,FAD
1.14.13.33,NAD
1.14.13.34,NAD
1.14.13.35,FAD
1.14.13.35,NAD
1.14.13.36,NAD
1.14.13.37,HEA
1.14.13.37,NAD
1.14.13.38,ASC
1.14.13.38,NAD
1.14.13.39,THF
1.14.13.39,H4B
1.14.13.39,HEA
1.14.13.39,HEA
1.14.13.39,FAD
1.14.13.39,FMN
1.14.13.39,NAD
1.14.13.39,NAD
1.14.13.4,HEA
1.14.13.4,FAD
1.14.13.4,FAD
1.14.13.4,NAD
1.14.13.40,FAD
1.14.13.40,FAD
1.14.13.40,FMN
1.14.13.40,NAD
1.14.13.41,HEA
1.14.13.41,NAD
1.14.13.42,HEA
1.14.13.42,NAD
1.14.13.43,NAD
1.14.13.44,FAD
1.14.13.44,NAD
1.14.13.46,NAD
1.14.13.47,HEA
1.14.13.47,HEA
1.14.13.47,NAD
1.14.13.48,HEA
1.14.13.48,NAD
1.14.13.49,HEA
1.14.13.49,NAD
1.14.13.5,HEA
1.14.13.5,FAD
1.14.13.5,FAD
1.14.13.5,NAD
1.14.13.50,FAD
1.14.13.50,FAD
1.14.13.50,NAD
1.14.13.51,NAD
1.14.13.52,HEA
1.14.13.52,NAD
1.14.13.53,HEA
1.14.13.53,NAD
1.14.13.54,FAD
1.14.13.54,NAD
1.14.13.55,HEA
1.14.13.55,NAD
1.14.13.56,HEA
1.14.13.56,NAD
1.14.13.57,HEA
1.14.13.57,NAD
1.14.13.58,FAD
1.14.13.58,FAD
1.14.13.58,FMN
1.14.13.58,NAD
1.14.13.59,FAD
1.14.13.59,FAD
1.14.13.59,NAD
1.14.13.6,HEA
1.14.13.6,FAD
1.14.13.6,FAD
1.14.13.6,NAD
1.14.13.60,HEA
1.14.13.60,NAD
1.14.13.61,FAD
1.14.13.61,NAD
1.14.13.62,NAD
1.14.13.63,FAD
1.14.13.63,FAD
1.14.13.63,NAD
1.14.13.64,FAD
1.14.13.64,FAD
1.14.13.64,NAD
1.14.13.66,NAD
1.14.13.67,HEA
1.14.13.67,NAD
1.14.13.68,HEA
1.14.13.68,NAD
1.14.13.69,FAD
1.14.13.69,NAD
1.14.13.7,HEA
1.14.13.7,HEA
1.14.13.7,FAD
1.14.13.7,FAD
1.14.13.7,NAD
1.14.13.70,HEA
1.14.13.70,NAD
1.14.13.71,HEA
1.14.13.71,NAD
1.14.13.72,HEA
1.14.13.72,NAD
1.14.13.73,HEA
1.14.13.73,NAD
1.14.13.74,HEA
1.14.13.74,NAD
1.14.13.75,HEA
1.14.13.75,NAD
1.14.13.76,HEA
1.14.13.76,FAD
1.14.13.76,FMN
1.14.13.76,NAD
1.14.13.77,HEA
1.14.13.77,NAD
1.14.13.78,FAD
1.14.13.78,NAD
1.14.13.79,HEA
1.14.13.79,NAD
1.14.13.8,FAD
1.14.13.8,FAD
1.14.13.8,FMN
1.14.13.8,NAD
1.14.13.80,HEA
1.14.13.80,NAD
1.14.13.81,HEA
1.14.13.81,NAD
1.14.13.82,NAD
1.14.13.83,FAD
1.14.13.83,NAD
1.14.13.84,FAD
1.14.13.84,FAD
1.14.13.84,NAD
1.14.13.85,HEA
1.14.13.85,NAD
1.14.13.86,HEA
1.14.13.86,NAD
1.14.13.87,HEA
1.14.13.87,NAD
1.14.13.88,HEA
1.14.13.88,NAD
1.14.13.89,HEA
1.14.13.89,NAD
1.14.13.9,FAD
1.14.13.9,FAD
1.14.13.9,NAD
1.14.13.90,FAD
1.14.13.90,NAD
1.14.13.91,HEA
1.14.13.91,NAD
1.14.13.92,FAD
1.14.13.92,FAD
1.14.13.92,NAD
1.14.13.93,HEA
1.14.13.93,NAD
1.14.13.94,HEA
1.14.13.94,NAD
1.14.13.95,HEA
1.14.13.95,NAD
1.14.13.96,HEA
1.14.13.96,NAD
1.14.13.97,HEA
1.14.13.97,NAD
1.14.13.98,HEA
1.14.13.98,NAD
1.14.13.99,HEA
1.14.13.99,NAD
1.14.13.B1,FMN
1.14.13.B1,NAD
1.14.13.B14,HEA
1.14.13.B21,HEA
1.14.13.B28,HEA
1.14.13.B28,NAD
1.14.13.B3,HEA
1.14.13.B30,FAD
1.14.14.1,HEA
1.14.14.1,HEA
1.14.14.1,FAD
1.14.14.1,FMN
1.14.14.1,NAD
1.14.14.10,FMN
1.14.14.10,NAD
1.14.14.100,HEA
1.14.14.101,HEA
1.14.14.102,HEA
1.14.14.103,HEA
1.14.14.104,HEA
1.14.14.105,HEA
1.14.14.105,FAD
1.14.14.105,FMN
1.14.14.106,HEA
1.14.14.107,HEA
1.14.14.108,FAD
1.14.14.108,FMN
1.14.14.109,HEA
1.14.14.11,FAD
1.14.14.11,FMN
1.14.14.110,HEA
1.14.14.113,HEA
1.14.14.114,HEA
1.14.14.115,HEA
1.14.14.116,HEA
1.14.14.119,HEA
1.14.14.12,FAD
1.14.14.12,FMN
1.14.14.120,HEA
1.14.14.121,HEA
1.14.14.124,HEA
1.14.14.125,HEA
1.14.14.126,HEA
1.14.14.127,HEA
1.14.14.128,HEA
1.14.14.13,FMN
1.14.14.133,HEA
1.14.14.133,FMN
1.14.14.135,HEA
1.14.14.137,HEA
1.14.14.138,HEA
1.14.14.139,HEA
1.14.14.14,HEA
1.14.14.143,HEA
1.14.14.143,FAD
1.14.14.143,FMN
1.14.14.144,HEA
1.14.14.144,FAD
1.14.14.144,FMN
1.14.14.145,HEA
1.14.14.145,FAD
1.14.14.145,FMN
1.14.14.147,HEA
1.14.14.148,HEA
1.14.14.149,HEA
1.14.14.15,FAD
1.14.14.150,HEA
1.14.14.151,HEA
1.14.14.153,HEA
1.14.14.154,HEA
1.14.14.155,FMN
1.14.14.157,HEA
1.14.14.158,HEA
1.14.14.159,HEA
1.14.14.16,HEA
1.14.14.16,NAD
1.14.14.160,HEA
1.14.14.161,HEA
1.14.14.162,HEA
1.14.14.164,HEA
1.14.14.165,HEA
1.14.14.166,HEA
1.14.14.167,HEA
1.14.14.168,HEA
1.14.14.169,HEA
1.14.14.17,HEA
1.14.14.17,FAD
1.14.14.170,HEA
1.14.14.18,ASC
1.14.14.18,HEA
1.14.14.18,NAD
1.14.14.19,HEA
1.14.14.20,FAD
1.14.14.20,FMN
1.14.14.20,NAD
1.14.14.21,FAD
1.14.14.21,FMN
1.14.14.21,NAD
1.14.14.22,FMN
1.14.14.22,NAD
1.14.14.23,HEA
1.14.14.24,HEA
1.14.14.25,HEA
1.14.14.27,FAD
1.14.14.28,FMN
1.14.14.29,HEA
1.14.14.3,FAD
1.14.14.3,FMN
1.14.14.30,FAD
1.14.14.30,FMN
1.14.14.32,HEA
1.14.14.33,FMN
1.14.14.34,FMN
1.14.14.35,FMN
1.14.14.36,HEA
1.14.14.37,NAD
1.14.14.40,HEA
1.14.14.41,HEA
1.14.14.42,HEA
1.14.14.44,HEA
1.14.14.45,HEA
1.14.14.47,THF
1.14.14.47,H4B
1.14.14.47,HEA
1.14.14.47,FAD
1.14.14.47,FMN
1.14.14.47,NAD
1.14.14.5,FAD
1.14.14.5,FMN
1.14.14.51,HEA
1.14.14.51,FAD
1.14.14.51,FMN
1.14.14.51,NAD
1.14.14.52,HEA
1.14.14.52,NAD
1.14.14.53,HEA
1.14.14.53,NAD
1.14.14.57,HEA
1.14.14.58,HEA
1.14.14.59,HEA
1.14.14.6,FAD
1.14.14.6,FMN
1.14.14.60,HEA
1.14.14.61,HEA
1.14.14.62,HEA
1.14.14.63,HEA
1.14.14.66,HEA
1.14.14.68,HEA
1.14.14.7,FAD
1.14.14.72,HEA
1.14.14.73,HEA
1.14.14.76,HEA
1.14.14.77,HEA
1.14.14.79,HEA
1.14.14.8,FAD
1.14.14.80,HEA
1.14.14.81,HEA
1.14.14.82,HEA
1.14.14.83,HEA
1.14.14.83,FAD
1.14.14.83,FMN
1.14.14.84,HEA
1.14.14.86,HEA
1.14.14.86,FAD
1.14.14.87,HEA
1.14.14.89,HEA
1.14.14.9,FAD
1.14.14.9,FMN
1.14.14.9,NAD
1.14.14.90,HEA
1.14.14.91,HEA
1.14.14.91,NAD
1.14.14.92,FAD
1.14.14.93,HEA
1.14.14.93,FAD
1.14.14.93,FMN
1.14.14.94,HEA
1.14.14.95,HEA
1.14.14.95,FAD
1.14.14.95,NAD
1.14.14.97,HEA
1.14.14.98,HEA
1.14.14.99,HEA
1.14.14.B10,HEA
1.14.14.B11,HEA
1.14.14.B13,HEA
1.14.15.1,HEA
1.14.15.1,HEA
1.14.15.1,FAD
1.14.15.1,FMN
1.14.15.1,NAD
1.14.15.10,HEA
1.14.15.11,HEA
1.14.15.13,HEA
1.14.15.14,HEA
1.14.15.15,HEA
1.14.15.15,NAD
1.14.15.16,HEA
1.14.15.18,HEA
1.14.15.19,HEA
1.14.15.20,HEA
1.14.15.21,FAD
1.14.15.21,NAD
1.14.15.23,NAD
1.14.15.24,HEA
1.14.15.24,FAD
1.14.15.28,HEA
1.14.15.29,HEA
1.14.15.29,NAD
1.14.15.3,HEA
1.14.15.3,HEA
1.14.15.3,FAD
1.14.15.3,FMN
1.14.15.3,NAD
1.14.15.30,FAD
1.14.15.31,HEA
1.14.15.33,HEA
1.14.15.35,HEA
1.14.15.36,HEA
1.14.15.37,HEA
1.14.15.4,ASC
1.14.15.4,HEA
1.14.15.4,NAD
1.14.15.5,HEA
1.14.15.6,HEA
1.14.15.8,HEA
1.14.15.9,HEA
1.14.16.1,THF
1.14.16.1,H4B
1.14.16.1,BTN
1.14.16.2,THF
1.14.16.2,H4B
1.14.16.3,H4B
1.14.16.4,THF
1.14.16.4,H4B
1.14.16.5,THF
1.14.16.5,H4B
1.14.16.5,H4B
1.14.16.5,NAD
1.14.16.5,GSH
1.14.16.6,H4B
1.14.17.1,ASC
1.14.17.3,ASC
1.14.17.3,FAD
1.14.17.4,ASC
1.14.18.1,THF
1.14.18.1,HEA
1.14.18.10,HEA
1.14.18.10,NAD
1.14.18.11,HEA
1.14.18.11,NAD
1.14.18.2,HEA
1.14.18.2,NAD
1.14.18.3,ASC
1.14.18.3,NAD
1.14.18.4,NAD
1.14.18.6,HEA
1.14.18.7,HEA
1.14.18.8,HEA
1.14.18.8,NAD
1.14.18.9,HEA
1.14.18.9,NAD
1.14.19.1,ASC
1.14.19.1,HEA
1.14.19.1,FAD
1.14.19.1,FMN
1.14.19.1,NAD
1.14.19.10,HEA
1.14.19.12,HEA
1.14.19.16,HEA
1.14.19.17,HEA
1.14.19.17,FAD
1.14.19.17,NAD
1.14.19.18,HEA
1.14.19.19,HEA
1.14.19.20,HEA
1.14.19.20,NAD
1.14.19.21,NAD
1.14.19.22,HEA
1.14.19.22,NAD
1.14.19.24,HEA
1.14.19.25,HEA
1.14.19.26,HEA
1.14.19.29,HEA
1.14.19.3,COM
1.14.19.3,HEA
1.14.19.3,NAD
1.14.19.3,COA
1.14.19.30,B12
1.14.19.30,HEA
1.14.19.30,NAD
1.14.19.31,HEA
1.14.19.33,HEA
1.14.19.34,HEA
1.14.19.38,HEA
1.14.19.4,HEA
1.14.19.44,HEA
1.14.19.47,HEA
1.14.19.49,FAD
1.14.19.5,HEA
1.14.19.5,NAD
1.14.19.51,HEA
1.14.19.53,HEA
1.14.19.54,HEA
1.14.19.55,FAD
1.14.19.56,FAD
1.14.19.57,FAD
1.14.19.58,FAD
1.14.19.59,FAD
1.14.19.6,HEA
1.14.19.62,HEA
1.14.19.64,HEA
1.14.19.64,FAD
1.14.19.64,FMN
1.14.19.65,HEA
1.14.19.65,FAD
1.14.19.65,FMN
1.14.19.66,HEA
1.14.19.67,HEA
1.14.19.68,HEA
1.14.19.69,HEA
1.14.19.7,FAD
1.14.19.7,FMN
1.14.19.7,NAD
1.14.19.70,HEA
1.14.19.71,HEA
1.14.19.72,HEA
1.14.19.74,HEA
1.14.19.76,HEA
1.14.19.8,HEA
1.14.19.9,FAD
1.14.19.9,NAD
1.14.19.B7,FAD
1.14.20.13,ASC
1.14.20.5,ASC
1.14.20.6,ASC
1.14.21.1,HEA
1.14.21.1,FAD
1.14.21.1,FMN
1.14.21.1,NAD
1.14.21.10,HEA
1.14.21.11,HEA
1.14.21.2,HEA
1.14.21.2,FAD
1.14.21.2,FMN
1.14.21.2,NAD
1.14.21.3,HEA
1.14.21.3,NAD
1.14.21.4,HEA
1.14.21.4,NAD
1.14.21.5,HEA
1.14.21.5,NAD
1.14.21.6,FAD
1.14.21.6,NAD
1.14.21.7,HEA
1.14.21.7,NAD
1.14.21.9,HEA
1.14.99.1,HEA
1.14.99.10,HEA
1.14.99.14,HEA
1.14.99.14,NAD
1.14.99.15,HEA
1.14.99.15,FMN
1.14.99.15,NAD
1.14.99.19,HEA
1.14.99.19,NAD
1.14.99.2,NAD
1.14.99.20,NAD
1.14.99.21,ASC
1.14.99.21,FAD
1.14.99.21,FMN
1.14.99.21,NAD
1.14.99.22,HEA
1.14.99.22,HEA
1.14.99.22,NAD
1.14.99.24,HEA
1.14.99.24,FAD
1.14.99.24,FAD
1.14.99.24,FMN
1.14.99.24,NAD
1.14.99.26,NAD
1.14.99.28,HEA
1.14.99.29,NAD
1.14.99.3,NAD
1.14.99.31,NAD
1.14.99.32,NAD
1.14.99.34,FAD
1.14.99.34,NAD
1.14.99.37,HEA
1.14.99.39,HEA
1.14.99.4,HEA
1.14.99.40,NAD
1.14.99.45,HEA
1.14.99.46,FAD
1.14.99.46,FMN
1.14.99.49,HEA
1.14.99.57,HEA
1.14.99.58,HEA
1.14.99.61,HEA
1.14.99.62,HEA
1.14.99.63,HEA
1.14.99.66,FAD
1.14.99.7,FAD
1.14.99.9,HEA
1.14.99.9,NAD
1.14.99.B1,HEA
1.14.99.B1,NAD
1.15.1.2,HEA
1.16.1.1,FAD
1.16.1.1,NAD
1.16.1.10,FMN
1.16.1.10,NAD
1.16.1.2,NAD
1.16.1.3,FAD
1.16.1.3,FAD
1.16.1.3,FMN
1.16.1.3,NAD
1.16.1.4,FAD
1.16.1.4,FAD
1.16.1.4,FMN
1.16.1.4,NAD
1.16.1.5,FAD
1.16.1.5,FAD
1.16.1.5,FMN
1.16.1.5,NAD
1.16.1.6,FAD
1.16.1.6,FAD
1.16.1.6,FMN
1.16.1.6,NAD
1.16.1.7,FAD
1.16.1.7,NAD
1.16.1.8,SAM
1.16.1.8,FAD
1.16.1.8,FAD
1.16.1.8,FMN
1.16.1.8,FMN
1.16.1.8,NAD
1.16.1.9,FAD
1.16.1.9,NAD
1.16.3.3,HEA
1.16.5.1,ASC
1.16.5.1,HEA
1.16.8.1,FAD
1.16.8.1,FMN
1.16.9.1,HEA
1.17.1.1,NAD
1.17.1.1,PLP
1.17.1.10,NAD
1.17.1.11,FMN
1.17.1.11,NAD
1.17.1.2,NAD
1.17.1.3,NAD
1.17.1.4,MGD
1.17.1.4,MGD
1.17.1.4,HEA
1.17.1.4,FAD
1.17.1.4,FAD
1.17.1.4,FMN
1.17.1.4,NAD
1.17.1.5,MGD
1.17.1.5,FAD
1.17.1.5,FAD
1.17.1.5,NAD
1.17.1.8,FMN
1.17.1.8,NAD
1.17.1.9,MGD
1.17.1.9,FMN
1.17.1.9,NAD
1.17.2.1,MGD
1.17.2.1,HEA
1.17.2.2,HEA
1.17.3.2,MGD
1.17.3.2,MGD
1.17.3.2,FAD
1.17.3.2,FAD
1.17.3.2,NAD
1.17.3.3,MGD
1.17.3.3,FAD
1.17.4.1,B12
1.17.4.1,FMN
1.17.4.2,B12
1.17.4.2,SAM
1.17.4.2,LPA
1.17.5.1,MGD
1.17.5.2,UQ1
1.17.5.3,MQ7
1.17.5.3,MGD
1.17.5.3,HEA
1.17.7.2,FAD
1.17.7.4,FAD
1.17.7.4,NAD
1.17.8.1,FAD
1.17.9.1,MQ7
1.17.9.1,HEA
1.17.9.1,FAD
1.17.9.1,NAD
1.17.98.2,SAM
1.17.98.3,MGD
1.17.98.3,FAD
1.17.99.1,MQ7
1.17.99.1,HEA
1.17.99.1,FAD
1.17.99.1,NAD
1.17.99.2,MGD
1.17.99.2,MGD
1.17.99.2,HEA
1.17.99.3,COM
1.17.99.3,FAD
1.17.99.3,FMN
1.17.99.3,COA
1.17.99.5,FAD
1.17.99.6,B12
1.17.99.7,MGD
1.17.99.8,FAD
1.18.1.1,FAD
1.18.1.1,FAD
1.18.1.1,FMN
1.18.1.1,NAD
1.18.1.2,FAD
1.18.1.2,FAD
1.18.1.2,FMN
1.18.1.2,NAD
1.18.1.3,FAD
1.18.1.3,NAD
1.18.1.4,FAD
1.18.1.4,FAD
1.18.1.4,FMN
1.18.1.4,NAD
1.18.1.5,FAD
1.18.1.5,NAD
1.18.1.6,FAD
1.18.1.6,NAD
1.18.1.7,FAD
1.18.1.7,NAD
1.18.1.8,HEA
1.18.1.8,FAD
1.18.1.8,FMN
1.18.1.8,NAD
1.19.1.1,FAD
1.19.1.1,NAD
1.2.1.10,B12
1.2.1.10,NAD
1.2.1.10,COA
1.2.1.102,NAD
1.2.1.11,NAD
1.2.1.12,NAD
1.2.1.13,NAD
1.2.1.15,NAD
1.2.1.16,NAD
1.2.1.17,B12
1.2.1.17,NAD
1.2.1.17,COA
1.2.1.18,NAD
1.2.1.18,COA
1.2.1.19,NAD
1.2.1.2,MGD
1.2.1.2,FMN
1.2.1.2,NAD
1.2.1.2,COA
1.2.1.20,NAD
1.2.1.21,NAD
1.2.1.22,NAD
1.2.1.23,NAD
1.2.1.24,NAD
1.2.1.25,B12
1.2.1.25,NAD
1.2.1.25,COA
1.2.1.26,NAD
1.2.1.27,B12
1.2.1.27,NAD
1.2.1.27,COA
1.2.1.28,NAD
1.2.1.29,NAD
1.2.1.3,NAD
1.2.1.30,NAD
1.2.1.31,NAD
1.2.1.32,NAD
1.2.1.33,NAD
1.2.1.36,FAD
1.2.1.36,FAD
1.2.1.36,NAD
1.2.1.38,NAD
1.2.1.39,NAD
1.2.1.4,NAD
1.2.1.40,NAD
1.2.1.41,NAD
1.2.1.42,NAD
1.2.1.42,COA
1.2.1.43,NAD
1.2.1.44,B12
1.2.1.44,NAD
1.2.1.44,COA
1.2.1.45,NAD
1.2.1.46,NAD
1.2.1.46,GSH
1.2.1.47,NAD
1.2.1.48,NAD
1.2.1.49,NAD
1.2.1.5,NAD
1.2.1.50,NAD
1.2.1.50,COA
1.2.1.51,TDP
1.2.1.51,FAD
1.2.1.51,NAD
1.2.1.51,COA
1.2.1.52,B12
1.2.1.52,NAD
1.2.1.52,COA
1.2.1.53,NAD
1.2.1.54,NAD
1.2.1.57,NAD
1.2.1.57,COA
1.2.1.58,TDP
1.2.1.58,TDP
1.2.1.58,FAD
1.2.1.58,NAD
1.2.1.58,COA
1.2.1.59,NAD
1.2.1.60,NAD
1.2.1.61,NAD
1.2.1.62,NAD
1.2.1.63,NAD
1.2.1.64,NAD
1.2.1.65,NAD
1.2.1.66,NAD
1.2.1.67,NAD
1.2.1.68,NAD
1.2.1.69,NAD
1.2.1.7,NAD
1.2.1.70,HEA
1.2.1.70,NAD
1.2.1.71,NAD
1.2.1.72,NAD
1.2.1.73,NAD
1.2.1.74,NAD
1.2.1.75,COM
1.2.1.75,NAD
1.2.1.75,COA
1.2.1.76,NAD
1.2.1.77,NAD
1.2.1.78,NAD
1.2.1.79,NAD
1.2.1.8,NAD
1.2.1.80,NAD
1.2.1.81,NAD
1.2.1.83,NAD
1.2.1.85,NAD
1.2.1.87,NAD
1.2.1.88,FAD
1.2.1.88,NAD
1.2.1.89,NAD
1.2.1.9,NAD
1.2.1.90,NAD
1.2.1.91,NAD
1.2.1.92,NAD
1.2.1.93,FMN
1.2.1.93,NAD
1.2.1.94,NAD
1.2.1.96,NAD
1.2.1.97,NAD
1.2.1.98,NAD
1.2.1.99,NAD
1.2.1.B29,NAD
1.2.1.B8,NAD
1.2.2.1,HEA
1.2.2.2,TDP
1.2.2.2,FAD
1.2.2.4,ASC
1.2.2.4,MGD
1.2.2.4,FAD
1.2.3.1,MGD
1.2.3.1,MGD
1.2.3.1,FAD
1.2.3.1,FAD
1.2.3.1,NAD
1.2.3.13,TDP
1.2.3.13,FAD
1.2.3.3,TDP
1.2.3.3,TDP
1.2.3.3,FAD
1.2.3.4,FAD
1.2.3.6,FAD
1.2.3.6,COA
1.2.3.7,HEA
1.2.3.7,HEA
1.2.3.7,FAD
1.2.3.8,MGD
1.2.4.1,TDP
1.2.4.1,TDP
1.2.4.1,NAD
1.2.4.1 ,LPA
1.2.4.2,TDP
1.2.4.2,TDP
1.2.4.2,LPA
1.2.4.2,LPA
1.2.4.2,FAD
1.2.4.2,NAD
1.2.4.4,B12
1.2.4.4,TDP
1.2.4.4,TDP
1.2.4.4,LPA
1.2.4.4,FAD
1.2.4.4,NAD
1.2.5.1,UQ1
1.2.5.1,TDP
1.2.5.1,FAD
1.2.5.2,HEA
1.2.5.3,UQ1
1.2.5.3,MGD
1.2.5.3,FAD
1.2.5.3,NAD
1.2.7.1,B12
1.2.7.1,TDP
1.2.7.1,TDP
1.2.7.1,FAD
1.2.7.1,FMN
1.2.7.1,COA
1.2.7.10,TDP
1.2.7.11,TDP
1.2.7.2,COA
1.2.7.3,TDP
1.2.7.3,COA
1.2.7.4,MGD
1.2.7.4,FAD
1.2.7.5,MGD
1.2.7.6,MGD
1.2.7.7,B12
1.2.7.7,MGD
1.2.7.7,COA
1.2.7.8,TDP
1.2.7.8,COA
1.2.98.1,NAD
1.2.99.2,FAD
1.2.99.3,PQQ
1.2.99.6,MGD
1.2.99.6,FAD
1.2.99.8,MGD
1.2.99.8,FAD
1.2.99.9,MGD
1.2.99.9,FAD
1.20.1.1,NAD
1.20.2.1,HEA
1.20.4.1,GSH
1.20.4.2,GSH
1.20.9.1,MGD
1.20.98.1,MGD
1.20.99.1,HEA
1.21.1.1,FAD
1.21.1.1,FMN
1.21.1.1,NAD
1.21.1.2,B12
1.21.1.2,NAD
1.21.3.3,FAD
1.21.3.7,FAD
1.21.3.8,FAD
1.21.4.1,NAD
1.21.4.3,NAD
1.21.4.4,NAD
1.21.98.2,HEA
1.21.98.2,FAD
1.21.98.3,B12
1.21.98.3,SAM
1.21.99.1,FAD
1.21.99.4,GSH
1.21.99.5,B12
1.21.99.5,MQ7
1.22.1.1,FAD
1.22.1.1,FMN
1.22.1.1,NAD
1.23.5.1,ASC
1.3.1.1,NAD
1.3.1.10,FAD
1.3.1.10,FMN
1.3.1.10,NAD
1.3.1.10,PNS
1.3.1.100,FMN
1.3.1.100,NAD
1.3.1.101,FAD
1.3.1.101,NAD
1.3.1.102,NAD
1.3.1.105,FAD
1.3.1.105,NAD
1.3.1.106,NAD
1.3.1.107,NAD
1.3.1.108,FAD
1.3.1.108,FMN
1.3.1.109,FAD
1.3.1.109,NAD
1.3.1.11,NAD
1.3.1.110,FAD
1.3.1.111,NAD
1.3.1.112,NAD
1.3.1.114,FAD
1.3.1.115,FAD
1.3.1.116,FAD
1.3.1.116,FMN
1.3.1.116,NAD
1.3.1.117,NAD
1.3.1.118,NAD
1.3.1.119,NAD
1.3.1.12,NAD
1.3.1.120,NAD
1.3.1.13,NAD
1.3.1.14,FAD
1.3.1.14,FAD
1.3.1.14,FMN
1.3.1.14,FMN
1.3.1.14,NAD
1.3.1.15,FAD
1.3.1.15,FAD
1.3.1.15,FMN
1.3.1.15,NAD
1.3.1.16,NAD
1.3.1.17,NAD
1.3.1.18,NAD
1.3.1.19,NAD
1.3.1.2,FAD
1.3.1.2,FMN
1.3.1.2,NAD
1.3.1.20,NAD
1.3.1.21,NAD
1.3.1.22,UQ1
1.3.1.22,NAD
1.3.1.24,NAD
1.3.1.25,B12
1.3.1.25,NAD
1.3.1.26,NAD
1.3.1.27,FAD
1.3.1.27,NAD
1.3.1.28,NAD
1.3.1.29,NAD
1.3.1.3,NAD
1.3.1.30,NAD
1.3.1.31,FAD
1.3.1.31,FAD
1.3.1.31,FMN
1.3.1.31,NAD
1.3.1.32,NAD
1.3.1.33,NAD
1.3.1.34,FAD
1.3.1.34,FAD
1.3.1.34,FMN
1.3.1.34,FMN
1.3.1.34,NAD
1.3.1.35,NAD
1.3.1.36,NAD
1.3.1.37,NAD
1.3.1.38,NAD
1.3.1.39,NAD
1.3.1.4,NAD
1.3.1.40,NAD
1.3.1.41,NAD
1.3.1.42,FAD
1.3.1.42,FMN
1.3.1.42,NAD
1.3.1.43,NAD
1.3.1.44,FAD
1.3.1.44,FMN
1.3.1.44,NAD
1.3.1.45,NAD
1.3.1.46,NAD
1.3.1.47,NAD
1.3.1.48,NAD
1.3.1.49,NAD
1.3.1.5,NAD
1.3.1.51,NAD
1.3.1.52,FAD
1.3.1.52,NAD
1.3.1.53,NAD
1.3.1.54,NAD
1.3.1.56,NAD
1.3.1.57,NAD
1.3.1.58,NAD
1.3.1.6,H4B
1.3.1.6,HEA
1.3.1.6,FAD
1.3.1.6,FMN
1.3.1.6,NAD
1.3.1.60,NAD
1.3.1.62,NAD
1.3.1.63,NAD
1.3.1.64,NAD
1.3.1.65,NAD
1.3.1.66,NAD
1.3.1.67,NAD
1.3.1.68,NAD
1.3.1.69,NAD
1.3.1.7,NAD
1.3.1.70,NAD
1.3.1.71,NAD
1.3.1.72,FAD
1.3.1.72,NAD
1.3.1.73,NAD
1.3.1.74,NAD
1.3.1.75,NAD
1.3.1.76,NAD
1.3.1.77,NAD
1.3.1.78,NAD
1.3.1.79,NAD
1.3.1.8,FMN
1.3.1.8,NAD
1.3.1.80,NAD
1.3.1.81,NAD
1.3.1.82,NAD
1.3.1.83,FAD
1.3.1.83,NAD
1.3.1.84,NAD
1.3.1.85,NAD
1.3.1.86,FAD
1.3.1.86,NAD
1.3.1.88,FAD
1.3.1.9,FMN
1.3.1.9,NAD
1.3.1.91,FAD
1.3.1.91,FMN
1.3.1.91,NAD
1.3.1.92,NAD
1.3.1.95,FAD
1.3.1.95,FMN
1.3.1.95,NAD
1.3.1.96,NAD
1.3.1.98,FAD
1.3.1.98,NAD
1.3.1.99,NAD
1.3.2.3,HEA
1.3.2.3,FAD
1.3.3.1,FAD
1.3.3.1,FMN
1.3.3.10,HEA
1.3.3.12,FAD
1.3.3.12,FAD
1.3.3.12,FMN
1.3.3.15,FAD
1.3.3.3,NAD
1.3.3.4,FAD
1.3.3.4,FMN
1.3.3.6,FAD
1.3.3.7,FAD
1.3.3.7,FMN
1.3.3.8,FAD
1.3.3.9,HEA
1.3.3.9,NAD
1.3.5.1,UQ1
1.3.5.1,UQ1
1.3.5.1,HEA
1.3.5.1,FAD
1.3.5.2,UQ1
1.3.5.2,FAD
1.3.5.2,FMN
1.3.5.2,NAD
1.3.5.3,FMN
1.3.5.4,MQ7
1.3.5.4,HEA
1.3.5.4,FAD
1.3.5.5,UQ1
1.3.5.5,FAD
1.3.5.6,FAD
1.3.7.1,B12
1.3.7.11,FAD
1.3.7.12,NAD
1.3.7.13,FAD
1.3.7.15,FMN
1.3.7.2,NAD
1.3.7.3,NAD
1.3.7.8,FAD
1.3.7.9,MGD
1.3.7.9,FAD
1.3.8.1,FAD
1.3.8.1,FMN
1.3.8.1,NAD
1.3.8.10,FAD
1.3.8.11,FAD
1.3.8.12,FAD
1.3.8.13,FAD
1.3.8.14,FAD
1.3.8.2,FAD
1.3.8.3,FAD
1.3.8.4,FAD
1.3.8.5,FAD
1.3.8.6,FAD
1.3.8.7,FAD
1.3.8.8,FAD
1.3.8.9,FAD
1.3.98.1,UQ1
1.3.98.1,FAD
1.3.98.1,FMN
1.3.98.3,SAM
1.3.98.3,HEA
1.3.98.3,NAD
1.3.98.5,HEA
1.3.98.6,SAM
1.3.99.1,HEA
1.3.99.1,FAD
1.3.99.10,FAD
1.3.99.12,FAD
1.3.99.13,FAD
1.3.99.16,MGD
1.3.99.17,MGD
1.3.99.17,FAD
1.3.99.18,FAD
1.3.99.19,FAD
1.3.99.2,FAD
1.3.99.21,FAD
1.3.99.22,SAM
1.3.99.23,FAD
1.3.99.23,NAD
1.3.99.24,FAD
1.3.99.24,FMN
1.3.99.27,FAD
1.3.99.28,FAD
1.3.99.3,FAD
1.3.99.31,FAD
1.3.99.32,FAD
1.3.99.33,FAD
1.3.99.33,FMN
1.3.99.37,FAD
1.3.99.38,FAD
1.3.99.4,FAD
1.3.99.5,FAD
1.3.99.5,NAD
1.3.99.6,NAD
1.3.99.7,FAD
1.3.99.8,FAD
1.3.99.B12,FAD
1.3.99.B2,FAD
1.4.1.1,NAD
1.4.1.10,NAD
1.4.1.11,NAD
1.4.1.12,NAD
1.4.1.12,PLP
1.4.1.13,FAD
1.4.1.13,FAD
1.4.1.13,FMN
1.4.1.13,FMN
1.4.1.13,NAD
1.4.1.14,FAD
1.4.1.14,FAD
1.4.1.14,FMN
1.4.1.14,FMN
1.4.1.14,NAD
1.4.1.15,NAD
1.4.1.16,NAD
1.4.1.17,NAD
1.4.1.18,NAD
1.4.1.19,NAD
1.4.1.2,NAD
1.4.1.20,NAD
1.4.1.21,NAD
1.4.1.23,NAD
1.4.1.24,NAD
1.4.1.3,NAD
1.4.1.4,NAD
1.4.1.5,FAD
1.4.1.5,NAD
1.4.1.7,NAD
1.4.1.8,NAD
1.4.1.9,NAD
1.4.1.B2,NAD
1.4.1.B4,NAD
1.4.1.B5,NAD
1.4.3.1,FAD
1.4.3.1,FAD
1.4.3.1,FMN
1.4.3.10,FAD
1.4.3.11,FAD
1.4.3.12,FAD
1.4.3.13,TP7
1.4.3.13,TPQ
1.4.3.14,FAD
1.4.3.15,FAD
1.4.3.16,FAD
1.4.3.19,FAD
1.4.3.2,FAD
1.4.3.2,FAD
1.4.3.2,FMN
1.4.3.21,TP7
1.4.3.21,TPQ
1.4.3.21,FAD
1.4.3.21,PLP
1.4.3.22,TP7
1.4.3.22,TPQ
1.4.3.22,FAD
1.4.3.22,PLP
1.4.3.23,FAD
1.4.3.24,FAD
1.4.3.25,FAD
1.4.3.3,FAD
1.4.3.4,FAD
1.4.3.5,FAD
1.4.3.5,FAD
1.4.3.5,FMN
1.4.3.7,FAD
1.4.4.2,LPA
1.4.4.2,PLP
1.4.5.1,UQ1
1.4.5.1,FAD
1.4.7.1,FAD
1.4.7.1,FAD
1.4.7.1,FMN
1.4.9.1,HEA
1.4.9.2,HEA
1.4.99.1,FAD
1.4.99.3,PQQ
1.4.99.3,TRQ
1.4.99.5,FAD
1.4.99.6,FAD
1.4.99.6,NAD
1.4.99.B3,FAD
1.4.99.B4,FAD
1.5.1.1,NAD
1.5.1.10,NAD
1.5.1.11,NAD
1.5.1.12,NAD
1.5.1.15,FAD
1.5.1.15,NAD
1.5.1.16,NAD
1.5.1.17,NAD
1.5.1.18,NAD
1.5.1.19,NAD
1.5.1.2,NAD
1.5.1.20,HEA
1.5.1.20,FAD
1.5.1.20,FAD
1.5.1.20,FMN
1.5.1.20,NAD
1.5.1.21,NAD
1.5.1.22,NAD
1.5.1.23,NAD
1.5.1.24,NAD
1.5.1.25,NAD
1.5.1.26,NAD
1.5.1.27,NAD
1.5.1.28,NAD
1.5.1.29,FAD
1.5.1.29,FMN
1.5.1.29,NAD
1.5.1.3,NAD
1.5.1.30,FAD
1.5.1.30,FMN
1.5.1.30,NAD
1.5.1.31,NAD
1.5.1.32,NAD
1.5.1.33,NAD
1.5.1.34,FAD
1.5.1.34,FMN
1.5.1.34,NAD
1.5.1.36,FAD
1.5.1.36,FMN
1.5.1.36,NAD
1.5.1.37,FAD
1.5.1.37,FMN
1.5.1.37,NAD
1.5.1.38,FMN
1.5.1.38,NAD
1.5.1.39,HEA
1.5.1.39,NAD
1.5.1.40,NAD
1.5.1.41,FMN
1.5.1.41,NAD
1.5.1.42,NAD
1.5.1.43,NAD
1.5.1.46,FMN
1.5.1.46,NAD
1.5.1.47,NAD
1.5.1.49,NAD
1.5.1.5,NAD
1.5.1.51,NAD
1.5.1.6,THF
1.5.1.6,NAD
1.5.1.7,NAD
1.5.1.8,NAD
1.5.1.9,NAD
1.5.1.B1,FAD
1.5.1.B1,FMN
1.5.1.B1,NAD
1.5.1.B5,NAD
1.5.3.1,THF
1.5.3.1,HEA
1.5.3.1,FAD
1.5.3.1,FAD
1.5.3.1,FMN
1.5.3.1,NAD
1.5.3.10,FAD
1.5.3.11,FAD
1.5.3.12,FAD
1.5.3.13,FAD
1.5.3.14,FAD
1.5.3.15,FAD
1.5.3.16,FAD
1.5.3.17,FAD
1.5.3.18,FAD
1.5.3.19,FAD
1.5.3.2,FAD
1.5.3.21,FAD
1.5.3.22,FMN
1.5.3.4,FAD
1.5.3.5,FAD
1.5.3.6,FAD
1.5.3.7,FAD
1.5.4.1,GSH
1.5.5.1,UQ1
1.5.5.1,UQ1
1.5.5.1,FAD
1.5.5.2,UQ1
1.5.5.2,HEA
1.5.5.2,FAD
1.5.5.2,FMN
1.5.5.3,FAD
1.5.7.1,FAD
1.5.7.1,FMN
1.5.7.2,FAD
1.5.8.1,FAD
1.5.8.1,FMN
1.5.8.2,FAD
1.5.8.2,FAD
1.5.8.2,FMN
1.5.8.3,THF
1.5.8.3,FAD
1.5.8.3,FMN
1.5.8.4,THF
1.5.8.4,FAD
1.5.98.3,FAD
1.5.99.1,FAD
1.5.99.1,FMN
1.5.99.12,FAD
1.5.99.13,FAD
1.5.99.14,MGD
1.5.99.14,FAD
1.5.99.14,FMN
1.5.99.15,FAD
1.5.99.15,FMN
1.5.99.2,FAD
1.5.99.3,HEA
1.5.99.3,FAD
1.5.99.4,MGD
1.5.99.4,HEA
1.5.99.4,FAD
1.5.99.4,FAD
1.5.99.4,FMN
1.5.99.5,HEA
1.5.99.5,FAD
1.5.99.5,NAD
1.5.99.6,HEA
1.5.99.6,HEA
1.5.99.6,FAD
1.5.99.8,FAD
1.5.99.B2,FAD
1.5.99.B2,FMN
1.5.99.B4,FAD
1.5.99.B4,FMN
1.6.1.1,FAD
1.6.1.1,NAD
1.6.1.2,FAD
1.6.1.2,NAD
1.6.1.3,FAD
1.6.1.4,FAD
1.6.2.2,HEA
1.6.2.2,FAD
1.6.2.2,FAD
1.6.2.2,NAD
1.6.2.4,FAD
1.6.2.4,FAD
1.6.2.4,FMN
1.6.2.4,FMN
1.6.2.4,NAD
1.6.2.5,FAD
1.6.2.5,NAD
1.6.2.6,FAD
1.6.2.6,NAD
1.6.3.1,HEA
1.6.3.1,HEA
1.6.3.1,FAD
1.6.3.1,FAD
1.6.3.1,FMN
1.6.3.1,NAD
1.6.3.2,FAD
1.6.3.2,NAD
1.6.3.3,FAD
1.6.3.3,NAD
1.6.3.4,FAD
1.6.3.4,NAD
1.6.3.5,FAD
1.6.3.5,NAD
1.6.5.10,HEA
1.6.5.10,FAD
1.6.5.10,FMN
1.6.5.10,NAD
1.6.5.11,FAD
1.6.5.11,FMN
1.6.5.11,NAD
1.6.5.12,FAD
1.6.5.2,FAD
1.6.5.2,FAD
1.6.5.2,FMN
1.6.5.2,NAD
1.6.5.3,UQ1
1.6.5.3,FAD
1.6.5.3,FMN
1.6.5.3,NAD
1.6.5.4,FAD
1.6.5.4,FMN
1.6.5.4,NAD
1.6.5.5,FMN
1.6.5.5,NAD
1.6.5.6,FAD
1.6.5.6,FMN
1.6.5.6,NAD
1.6.5.7,FAD
1.6.5.7,FMN
1.6.5.7,FMN
1.6.5.7,NAD
1.6.5.8,UQ1
1.6.5.8,FAD
1.6.5.8,FMN
1.6.5.8,NAD
1.6.5.9,FAD
1.6.5.9,NAD
1.6.6.9,FAD
1.6.6.9,FMN
1.6.6.9,NAD
1.6.99.1,FAD
1.6.99.1,FMN
1.6.99.1,NAD
1.6.99.3,FAD
1.6.99.3,FAD
1.6.99.3,FMN
1.6.99.3,NAD
1.6.99.5,NAD
1.6.99.6,FAD
1.6.99.6,NAD
1.7.1.0,FMN
1.7.1.1,HEA
1.7.1.1,HEA
1.7.1.1,FAD
1.7.1.1,FAD
1.7.1.1,NAD
1.7.1.10,FAD
1.7.1.10,NAD
1.7.1.11,NAD
1.7.1.12,NAD
1.7.1.13,NAD
1.7.1.14,HEA
1.7.1.14,NAD
1.7.1.15,HEA
1.7.1.15,FAD
1.7.1.15,NAD
1.7.1.16,FMN
1.7.1.16,NAD
1.7.1.17,FAD
1.7.1.17,FMN
1.7.1.17,NAD
1.7.1.2,HEA
1.7.1.2,HEA
1.7.1.2,FAD
1.7.1.2,FAD
1.7.1.2,FMN
1.7.1.2,NAD
1.7.1.3,MGD
1.7.1.3,HEA
1.7.1.3,HEA
1.7.1.3,FAD
1.7.1.3,FAD
1.7.1.3,FMN
1.7.1.3,NAD
1.7.1.4,HEA
1.7.1.4,HEA
1.7.1.4,FAD
1.7.1.4,FAD
1.7.1.4,FMN
1.7.1.4,NAD
1.7.1.5,FAD
1.7.1.5,NAD
1.7.1.6,FAD
1.7.1.6,FMN
1.7.1.6,NAD
1.7.1.7,NAD
1.7.1.9,NAD
1.7.1.B1,FMN
1.7.1.B1,NAD
1.7.1.B2,NAD
1.7.1.B3,FMN
1.7.1.B4,NAD
1.7.2.1,HEA
1.7.2.1,FAD
1.7.2.2,HEA
1.7.2.3,MGD
1.7.2.3,HEA
1.7.2.3,FAD
1.7.2.3,FMN
1.7.2.3,NAD
1.7.2.4,HEA
1.7.2.5,HEA
1.7.2.5,NAD
1.7.2.6,HEA
1.7.2.7,MQ7
1.7.2.7,HEA
1.7.2.8,UQ1
1.7.2.8,HEA
1.7.3.1,FAD
1.7.3.1,FAD
1.7.3.1,FMN
1.7.3.4,HEA
1.7.3.5,FAD
1.7.3.5,FMN
1.7.3.6,HEA
1.7.5.1,MQ7
1.7.5.1,UQ1
1.7.5.1,MGD
1.7.5.1,HEA
1.7.5.1,FAD
1.7.5.1,NAD
1.7.5.2,HEA
1.7.6.1,HEA
1.7.7.1,HEA
1.7.7.2,MGD
1.7.7.2,HEA
1.7.7.4,HEA
1.7.99.1,HEA
1.7.99.1,FAD
1.7.99.7,HEA
1.8.1.10,FAD
1.8.1.10,NAD
1.8.1.10,COA
1.8.1.10,GSH
1.8.1.11,FAD
1.8.1.11,NAD
1.8.1.12,FAD
1.8.1.12,FAD
1.8.1.12,NAD
1.8.1.13,FAD
1.8.1.13,NAD
1.8.1.14,COM
1.8.1.14,FAD
1.8.1.14,FAD
1.8.1.14,NAD
1.8.1.14,COA
1.8.1.14,COA
1.8.1.15,FAD
1.8.1.15,NAD
1.8.1.16,FAD
1.8.1.16,FAD
1.8.1.16,NAD
1.8.1.16,GSH
1.8.1.17,NAD
1.8.1.18,B12
1.8.1.18,FAD
1.8.1.18,NAD
1.8.1.19,FAD
1.8.1.2,HEA
1.8.1.2,HEA
1.8.1.2,FAD
1.8.1.2,FAD
1.8.1.2,FMN
1.8.1.2,NAD
1.8.1.20,FMN
1.8.1.20,NAD
1.8.1.3,HEA
1.8.1.3,NAD
1.8.1.4,UQ1
1.8.1.4,LPA
1.8.1.4,FAD
1.8.1.4,FAD
1.8.1.4,FMN
1.8.1.4,NAD
1.8.1.5,FAD
1.8.1.5,NAD
1.8.1.6,NAD
1.8.1.7,FAD
1.8.1.7,FAD
1.8.1.7,NAD
1.8.1.7,GSH
1.8.1.8,COM
1.8.1.8,FAD
1.8.1.8,NAD
1.8.1.8,COA
1.8.1.9,FAD
1.8.1.9,FAD
1.8.1.9,NAD
1.8.1.B1,FAD
1.8.1.B1,NAD
1.8.1.B4,FAD
1.8.1.B5,COM
1.8.1.B5,COA
1.8.1.B5,GSH
1.8.2.1,MGD
1.8.2.1,HEA
1.8.2.1,FAD
1.8.2.2,HEA
1.8.2.3,HEA
1.8.2.3,FAD
1.8.2.3,FMN
1.8.2.4,MGD
1.8.2.4,HEA
1.8.2.5,HEA
1.8.2.6,HEA
1.8.3.1,MGD
1.8.3.1,MGD
1.8.3.1,HEA
1.8.3.2,FAD
1.8.3.3,FAD
1.8.3.3,GSH
1.8.3.5,FAD
1.8.3.6,FAD
1.8.4.1,GSH
1.8.4.10,FAD
1.8.4.13,NAD
1.8.4.14,NAD
1.8.4.2,GSH
1.8.4.3,COA
1.8.4.3,GSH
1.8.4.4,GSH
1.8.4.7,GSH
1.8.4.9,GSH
1.8.5.1,FAD
1.8.5.1,GSH
1.8.5.3,MGD
1.8.5.4,FAD
1.8.5.5,MQ7
1.8.5.8,FAD
1.8.5.B1,MGD
1.8.5.B1,HEA
1.8.7.1,HEA
1.8.7.1,FMN
1.8.7.3,FAD
1.8.98.1,HEA
1.8.98.1,HEA
1.8.98.1,FAD
1.8.98.2,GSH
1.8.98.3,HEA
1.8.98.5,FAD
1.8.99.2,HEA
1.8.99.2,FAD
1.8.99.2,FAD
1.8.99.2,FMN
1.8.99.3,HEA
1.8.99.5,HEA
1.8.99.B1,FAD
1.8.99.B2,UQ1
1.8.99.B2,HEA
1.9.3.1,HEA
1.9.6.1,MGD
1.9.6.1,HEA
1.9.98.1,HEA
1.97.1.1,MGD
1.97.1.1,HEA
1.97.1.4,SAM
1.97.1.9,MGD
1.97.1.9,HEA
2.1.1.1,SAM
2.1.1.10,SAM
2.1.1.100,SAM
2.1.1.101,SAM
2.1.1.102,SAM
2.1.1.103,SAM
2.1.1.104,SAM
2.1.1.105,SAM
2.1.1.106,SAM
2.1.1.107,SAM
2.1.1.108,SAM
2.1.1.109,SAM
2.1.1.11,SAM
2.1.1.110,SAM
2.1.1.111,SAM
2.1.1.112,SAM
2.1.1.113,SAM
2.1.1.114,SAM
2.1.1.115,SAM
2.1.1.116,SAM
2.1.1.117,SAM
2.1.1.118,SAM
2.1.1.119,SAM
2.1.1.12,SAM
2.1.1.120,SAM
2.1.1.121,SAM
2.1.1.122,SAM
2.1.1.123,SAM
2.1.1.124,SAM
2.1.1.125,SAM
2.1.1.126,SAM
2.1.1.127,SAM
2.1.1.128,SAM
2.1.1.129,SAM
2.1.1.13,THF
2.1.1.13,B12
2.1.1.13,B12
2.1.1.13,SAM
2.1.1.13,FAD
2.1.1.130,SAM
2.1.1.131,SAM
2.1.1.132,SAM
2.1.1.133,SAM
2.1.1.136,SAM
2.1.1.137,SAM
2.1.1.139,SAM
2.1.1.140,SAM
2.1.1.141,SAM
2.1.1.142,SAM
2.1.1.143,SAM
2.1.1.144,SAM
2.1.1.145,SAM
2.1.1.146,SAM
2.1.1.147,SAM
2.1.1.147,NAD
2.1.1.148,THF
2.1.1.148,FAD
2.1.1.148,FAD
2.1.1.148,FMN
2.1.1.148,NAD
2.1.1.149,SAM
2.1.1.15,SAM
2.1.1.150,SAM
2.1.1.151,SAM
2.1.1.152,SAM
2.1.1.153,SAM
2.1.1.154,SAM
2.1.1.155,SAM
2.1.1.156,SAM
2.1.1.157,SAM
2.1.1.158,SAM
2.1.1.159,SAM
2.1.1.16,SAM
2.1.1.160,SAM
2.1.1.161,SAM
2.1.1.162,SAM
2.1.1.163,SAM
2.1.1.164,SAM
2.1.1.165,SAM
2.1.1.166,SAM
2.1.1.167,SAM
2.1.1.168,SAM
2.1.1.169,SAM
2.1.1.17,SAM
2.1.1.170,SAM
2.1.1.171,SAM
2.1.1.173,SAM
2.1.1.174,SAM
2.1.1.175,SAM
2.1.1.176,SAM
2.1.1.178,SAM
2.1.1.179,SAM
2.1.1.18,SAM
2.1.1.180,SAM
2.1.1.182,SAM
2.1.1.183,SAM
2.1.1.184,SAM
2.1.1.185,SAM
2.1.1.186,SAM
2.1.1.187,SAM
2.1.1.189,SAM
2.1.1.19,THF
2.1.1.190,SAM
2.1.1.190,FAD
2.1.1.192,SAM
2.1.1.193,SAM
2.1.1.197,SAM
2.1.1.199,SAM
2.1.1.2,SAM
2.1.1.20,SAM
2.1.1.200,SAM
2.1.1.201,SAM
2.1.1.201,NAD
2.1.1.202,SAM
2.1.1.203,SAM
2.1.1.204,SAM
2.1.1.206,SAM
2.1.1.207,SAM
2.1.1.21,FMN
2.1.1.210,SAM
2.1.1.212,SAM
2.1.1.214,SAM
2.1.1.215,SAM
2.1.1.216,SAM
2.1.1.219,SAM
2.1.1.22,SAM
2.1.1.220,SAM
2.1.1.221,SAM
2.1.1.222,SAM
2.1.1.224,SAM
2.1.1.226,SAM
2.1.1.227,SAM
2.1.1.228,SAM
2.1.1.229,SAM
2.1.1.229,FAD
2.1.1.230,SAM
2.1.1.231,SAM
2.1.1.232,SAM
2.1.1.233,SAM
2.1.1.234,SAM
2.1.1.235,SAM
2.1.1.236,SAM
2.1.1.237,SAM
2.1.1.240,SAM
2.1.1.241,SAM
2.1.1.243,SAM
2.1.1.244,SAM
2.1.1.25,SAM
2.1.1.255,SAM
2.1.1.258,B12
2.1.1.26,SAM
2.1.1.260,SAM
2.1.1.261,SAM
2.1.1.262,SAM
2.1.1.263,SAM
2.1.1.264,SAM
2.1.1.265,SAM
2.1.1.266,SAM
2.1.1.267,SAM
2.1.1.269,THF
2.1.1.27,SAM
2.1.1.271,SAM
2.1.1.273,SAM
2.1.1.274,SAM
2.1.1.278,SAM
2.1.1.28,SAM
2.1.1.281,SAM
2.1.1.29,SAM
2.1.1.290,SAM
2.1.1.293,SAM
2.1.1.294,SAM
2.1.1.295,SAM
2.1.1.296,SAM
2.1.1.297,SAM
2.1.1.298,SAM
2.1.1.304,HEA
2.1.1.308,B12
2.1.1.308,SAM
2.1.1.309,SAM
2.1.1.31,SAM
2.1.1.310,SAM
2.1.1.317,SAM
2.1.1.32,SAM
2.1.1.325,SAM
2.1.1.326,B12
2.1.1.328,SAM
2.1.1.33,SAM
2.1.1.333,SAM
2.1.1.337,SAM
2.1.1.34,SAM
2.1.1.341,THF
2.1.1.341,NAD
2.1.1.343,SAM
2.1.1.344,SAM
2.1.1.35,SAM
2.1.1.354,SAM
2.1.1.36,SAM
2.1.1.363,SAM
2.1.1.37,SAM
2.1.1.38,SAM
2.1.1.39,SAM
2.1.1.4,SAM
2.1.1.40,SAM
2.1.1.41,SAM
2.1.1.41,GSH
2.1.1.42,SAM
2.1.1.43,SAM
2.1.1.44,SAM
2.1.1.45,THF
2.1.1.45,NAD
2.1.1.45,GSH
2.1.1.46,SAM
2.1.1.47,SAM
2.1.1.48,SAM
2.1.1.49,SAM
2.1.1.50,SAM
2.1.1.51,SAM
2.1.1.52,SAM
2.1.1.53,SAM
2.1.1.55,SAM
2.1.1.56,SAM
2.1.1.57,SAM
2.1.1.59,SAM
2.1.1.6,SAM
2.1.1.60,SAM
2.1.1.61,SAM
2.1.1.61,FAD
2.1.1.62,SAM
2.1.1.64,SAM
2.1.1.65,SAM
2.1.1.66,SAM
2.1.1.67,SAM
2.1.1.68,SAM
2.1.1.69,SAM
2.1.1.7,SAM
2.1.1.70,SAM
2.1.1.71,SAM
2.1.1.72,SAM
2.1.1.74,FAD
2.1.1.74,FAD
2.1.1.74,NAD
2.1.1.75,SAM
2.1.1.76,SAM
2.1.1.77,SAM
2.1.1.78,SAM
2.1.1.79,SAM
2.1.1.8,SAM
2.1.1.80,SAM
2.1.1.82,SAM
2.1.1.83,SAM
2.1.1.84,SAM
2.1.1.85,SAM
2.1.1.87,SAM
2.1.1.88,SAM
2.1.1.89,SAM
2.1.1.9,SAM
2.1.1.90,FAD
2.1.1.91,SAM
2.1.1.94,SAM
2.1.1.95,SAM
2.1.1.96,SAM
2.1.1.97,SAM
2.1.1.98,SAM
2.1.1.99,SAM
2.1.1.B109,SAM
2.1.1.B74,SAM
2.1.1.B75,SAM
2.1.1.B76,SAM
2.1.1.B84,SAM
2.1.1.B85,SAM
2.1.1.B93,SAM
2.1.2.1,THF
2.1.2.1,PLP
2.1.2.10,THF
2.1.2.10,PLP
2.1.2.11,THF
2.1.2.13,THF
2.1.2.13,NAD
2.1.2.2,THF
2.1.2.3,THF
2.1.2.5,THF
2.1.2.5,PLP
2.1.2.7,PLP
2.1.2.8,THF
2.1.2.9,THF
2.1.3.1,B12
2.1.3.1,BTN
2.2.1.1,TDP
2.2.1.12,TDP
2.2.1.3,TDP
2.2.1.4,TDP
2.2.1.5,TDP
2.2.1.6,TDP
2.2.1.6,TDP
2.2.1.6,FAD
2.2.1.6,FAD
2.2.1.6,FMN
2.2.1.7,TDP
2.2.1.8,PLP
2.2.1.9,TDP
2.3.1.1,COM
2.3.1.1,COA
2.3.1.10,COA
2.3.1.100,COA
2.3.1.102,COA
2.3.1.104,COA
2.3.1.105,COA
2.3.1.106,COA
2.3.1.107,B12
2.3.1.107,COM
2.3.1.107,COA
2.3.1.107,COA
2.3.1.108,COM
2.3.1.108,COA
2.3.1.109,COM
2.3.1.109,COA
2.3.1.11,COA
2.3.1.110,COA
2.3.1.111,NAD
2.3.1.111,COA
2.3.1.112,COA
2.3.1.113,COA
2.3.1.114,COA
2.3.1.115,COA
2.3.1.116,COA
2.3.1.117,COM
2.3.1.117,COA
2.3.1.118,COA
2.3.1.119,NAD
2.3.1.119,COA
2.3.1.12,TDP
2.3.1.12,COA
2.3.1.121,COA
2.3.1.123,COA
2.3.1.125,COA
2.3.1.126,COA
2.3.1.127,COA
2.3.1.128,COA
2.3.1.13,COA
2.3.1.130,COA
2.3.1.131,COA
2.3.1.132,COA
2.3.1.133,COA
2.3.1.136,COM
2.3.1.136,COA
2.3.1.137,COA
2.3.1.138,COA
2.3.1.139,COA
2.3.1.14,COA
2.3.1.140,COA
2.3.1.142,COA
2.3.1.144,COA
2.3.1.145,COA
2.3.1.146,COA
2.3.1.148,B12
2.3.1.148,COA
2.3.1.15,COM
2.3.1.15,COA
2.3.1.150,COM
2.3.1.150,COA
2.3.1.151,COA
2.3.1.153,COA
2.3.1.154,COA
2.3.1.155,COA
2.3.1.156,COA
2.3.1.157,COM
2.3.1.157,COA
2.3.1.159,COA
2.3.1.16,COM
2.3.1.16,COA
2.3.1.160,COA
2.3.1.161,SAM
2.3.1.161,NAD
2.3.1.161,COA
2.3.1.162,COA
2.3.1.163,COA
2.3.1.164,COA
2.3.1.165,NAD
2.3.1.165,COA
2.3.1.166,COA
2.3.1.167,COM
2.3.1.167,COA
2.3.1.168,FAD
2.3.1.168,COA
2.3.1.169,COM
2.3.1.169,COA
2.3.1.17,COA
2.3.1.170,NAD
2.3.1.170,COA
2.3.1.171,COA
2.3.1.172,COA
2.3.1.173,COA
2.3.1.174,COA
2.3.1.175,COA
2.3.1.176,COA
2.3.1.177,COA
2.3.1.178,COA
2.3.1.18,COM
2.3.1.18,COA
2.3.1.180,B12
2.3.1.180,COM
2.3.1.180,COA
2.3.1.180,COA
2.3.1.182,COM
2.3.1.182,COA
2.3.1.183,COM
2.3.1.183,COA
2.3.1.184,SAM
2.3.1.185,COA
2.3.1.186,COA
2.3.1.188,COA
2.3.1.19,COA
2.3.1.190,TDP
2.3.1.190,NAD
2.3.1.2,COA
2.3.1.20,COA
2.3.1.201,NAD
2.3.1.201,PLP
2.3.1.203,NAD
2.3.1.205,COM
2.3.1.205,COA
2.3.1.209,COM
2.3.1.209,COA
2.3.1.21,COA
2.3.1.210,COM
2.3.1.210,COA
2.3.1.22,COA
2.3.1.23,COA
2.3.1.231,SAM
2.3.1.24,COA
2.3.1.244,PNS
2.3.1.25,COA
2.3.1.255,COM
2.3.1.255,COA
2.3.1.257,COM
2.3.1.257,COA
2.3.1.258,COM
2.3.1.258,COA
2.3.1.26,B12
2.3.1.26,COA
2.3.1.263,PLP
2.3.1.27,COA
2.3.1.28,COM
2.3.1.28,COA
2.3.1.286,NAD
2.3.1.29,COM
2.3.1.29,COA
2.3.1.29,PLP
2.3.1.29,PLP
2.3.1.3,COA
2.3.1.30,COA
2.3.1.30,PLP
2.3.1.31,COM
2.3.1.31,COA
2.3.1.33,COM
2.3.1.33,COA
2.3.1.34,COA
2.3.1.36,COA
2.3.1.37,COA
2.3.1.37,PLP
2.3.1.38,PNS
2.3.1.38,COA
2.3.1.39,PNS
2.3.1.39,COA
2.3.1.4,COA
2.3.1.41,PNS
2.3.1.42,COA
2.3.1.44,COA
2.3.1.45,COM
2.3.1.45,COA
2.3.1.46,COM
2.3.1.46,COA
2.3.1.47,COA
2.3.1.47,PLP
2.3.1.48,COM
2.3.1.48,COA
2.3.1.5,COM
2.3.1.5,COA
2.3.1.50,COA
2.3.1.50,PLP
2.3.1.51,COA
2.3.1.52,COA
2.3.1.53,COA
2.3.1.54,SAM
2.3.1.54,COM
2.3.1.54,COA
2.3.1.57,COM
2.3.1.57,COA
2.3.1.58,COA
2.3.1.59,COA
2.3.1.6,COM
2.3.1.6,COA
2.3.1.60,COA
2.3.1.61,LPA
2.3.1.61,COA
2.3.1.62,COA
2.3.1.63,COA
2.3.1.64,COA
2.3.1.65,COA
2.3.1.66,COA
2.3.1.67,COM
2.3.1.67,COA
2.3.1.68,COA
2.3.1.69,COA
2.3.1.7,COA
2.3.1.70,COA
2.3.1.71,COA
2.3.1.74,COA
2.3.1.75,COA
2.3.1.76,COA
2.3.1.78,COM
2.3.1.78,COA
2.3.1.79,COA
2.3.1.8,COM
2.3.1.8,COA
2.3.1.80,COA
2.3.1.81,COM
2.3.1.81,COA
2.3.1.82,COM
2.3.1.82,COA
2.3.1.84,COM
2.3.1.84,COA
2.3.1.85,NAD
2.3.1.85,PNS
2.3.1.85,PNS
2.3.1.85,COA
2.3.1.86,FMN
2.3.1.86,NAD
2.3.1.86,PNS
2.3.1.86,COA
2.3.1.87,COM
2.3.1.87,COA
2.3.1.88,COA
2.3.1.89,COA
2.3.1.9,COA
2.3.1.93,COA
2.3.1.94,NAD
2.3.1.94,COA
2.3.1.95,COA
2.3.1.96,COA
2.3.1.97,COA
2.3.1.99,COA
2.3.1.B41,NAD
2.3.1.B43,NAD
2.3.1.B6,COM
2.3.1.B6,COA
2.3.3.1,COA
2.3.3.10,B12
2.3.3.10,COA
2.3.3.11,COA
2.3.3.12,COA
2.3.3.13,COM
2.3.3.13,COA
2.3.3.14,COM
2.3.3.14,COA
2.3.3.15,TDP
2.3.3.2,COA
2.3.3.3,COA
2.3.3.4,COA
2.3.3.5,B12
2.3.3.5,COA
2.3.3.6,COA
2.3.3.7,COA
2.3.3.8,COA
2.3.3.9,COA
2.4.1.1,PLP
2.4.1.12,TDP
2.4.1.202,ASC
2.4.1.8,PLP
2.4.2.19,NAD
2.4.2.30,NAD
2.4.2.31,NAD
2.4.2.36,NAD
2.4.2.60,NAD
2.4.2.B12,NAD
2.4.2.B14,NAD
2.4.2.B15,NAD
2.4.2.B16,NAD
2.4.99.17,SAM
2.5.1.108,SAM
2.5.1.113,PLP
2.5.1.120,SAM
2.5.1.129,FMN
2.5.1.140,PLP
2.5.1.144,PLP
2.5.1.148,NAD
2.5.1.15,FMN
2.5.1.18,GSH
2.5.1.21,NAD
2.5.1.24,SAM
2.5.1.25,SAM
2.5.1.26,FAD
2.5.1.38,SAM
2.5.1.4,SAM
2.5.1.43,SAM
2.5.1.44,NAD
2.5.1.45,NAD
2.5.1.46,NAD
2.5.1.47,PLP
2.5.1.48,PLP
2.5.1.49,PLP
2.5.1.51,PLP
2.5.1.52,PLP
2.5.1.53,PLP
2.5.1.61,DPM
2.5.1.63,SAM
2.5.1.65,PLP
2.5.1.66,TDP
2.5.1.73,PLP
2.5.1.76,PLP
2.5.1.77,SAM
2.5.1.94,FAD
2.6.1.1,PLP
2.6.1.100,PLP
2.6.1.101,PLP
2.6.1.102,PLP
2.6.1.103,PLP
2.6.1.104,PLP
2.6.1.105,PLP
2.6.1.106,PLP
2.6.1.107,PLP
2.6.1.108,PLP
2.6.1.109,PLP
2.6.1.11,PLP
2.6.1.110,PLP
2.6.1.111,PLP
2.6.1.112,PLP
2.6.1.113,PLP
2.6.1.116,PLP
2.6.1.12,PLP
2.6.1.13,PLP
2.6.1.14,PLP
2.6.1.15,PLP
2.6.1.17,PLP
2.6.1.18,PLP
2.6.1.19,PLP
2.6.1.2,PLP
2.6.1.21,PLP
2.6.1.22,PLP
2.6.1.24,PLP
2.6.1.26,PLP
2.6.1.27,PLP
2.6.1.28,PLP
2.6.1.29,PLP
2.6.1.3,PLP
2.6.1.30,PLP
2.6.1.33,PLP
2.6.1.34,PLP
2.6.1.35,PLP
2.6.1.36,PLP
2.6.1.37,PLP
2.6.1.38,PLP
2.6.1.39,PLP
2.6.1.4,PLP
2.6.1.40,PLP
2.6.1.41,PLP
2.6.1.42,PLP
2.6.1.43,PLP
2.6.1.44,PLP
2.6.1.45,PLP
2.6.1.46,PLP
2.6.1.47,PLP
2.6.1.48,PLP
2.6.1.49,PLP
2.6.1.5,PLP
2.6.1.50,PLP
2.6.1.51,PLP
2.6.1.52,PLP
2.6.1.55,PLP
2.6.1.56,PLP
2.6.1.57,PLP
2.6.1.58,PLP
2.6.1.59,PLP
2.6.1.6,PLP
2.6.1.60,PLP
2.6.1.62,SAM
2.6.1.62,PLP
2.6.1.62,PLP
2.6.1.63,PLP
2.6.1.64,PLP
2.6.1.65,PLP
2.6.1.66,PLP
2.6.1.67,PLP
2.6.1.7,PLP
2.6.1.71,PLP
2.6.1.72,PLP
2.6.1.75,PLP
2.6.1.76,PLP
2.6.1.77,PLP
2.6.1.78,PLP
2.6.1.79,PLP
2.6.1.8,PLP
2.6.1.80,PLP
2.6.1.81,PLP
2.6.1.82,PLP
2.6.1.83,PLP
2.6.1.84,PLP
2.6.1.87,PLP
2.6.1.88,PLP
2.6.1.89,PLP
2.6.1.9,PLP
2.6.1.90,PLP
2.6.1.92,PLP
2.6.1.96,PLP
2.6.1.98,PLP
2.6.1.99,PLP
2.6.1.B16,PLP
2.6.1.B17,PLP
2.6.1.B3,PLP
2.6.1.B6,PLP
2.6.99.3,PLP
2.7.1.160,NAD
2.7.1.161,FAD
2.7.1.161,FMN
2.7.1.19,NAD
2.7.1.23,NAD
2.7.1.26,FMN
2.7.1.42,FAD
2.7.1.42,FMN
2.7.1.78,TDP
2.7.1.86,NAD
2.7.11.1,FAD
2.7.11.1,FMN
2.7.13.3,HEA
2.7.13.3,FAD
2.7.13.3,FMN
2.7.3.2,NAD
2.7.7.2,FAD
2.7.7.2,FMN
2.7.7.23,COM
2.7.7.23,COA
2.7.7.65,HEA
2.7.8.11,NAD
2.7.8.7,PNS
2.7.8.B13,NAD
2.8.1.3,GSH
2.8.1.4,PLP
2.8.1.5,FAD
2.8.1.6,SAM
2.8.1.6,SAM
2.8.1.6,TDP
2.8.1.6,FAD
2.8.1.6,NAD
2.8.1.7,PLP
2.8.1.8,SAM
2.8.1.9,PLP
2.8.2.33,GSH
2.8.3.1,COM
2.8.3.1,COA
2.8.3.5,COM
2.8.3.5,COA
2.8.4.1,F43
2.8.4.1,COM
2.8.4.1,TP7
2.8.4.3,SAM
2.8.4.4,SAM
2.8.4.5,SAM
2.8.5.1,PLP
2.8.5.2,HEA
2.9.1.1,PLP
2.9.1.2,PLP
3.1.2.1,NAD
3.1.2.1,COA
3.1.2.10,COA
3.1.2.11,COA
3.1.2.12,GSH
3.1.2.13,GSH
3.1.2.14,PNS
3.1.2.17,COA
3.1.2.18,COA
3.1.2.19,COA
3.1.2.2,COA
3.1.2.20,COA
3.1.2.23,COA
3.1.2.25,COA
3.1.2.26,COA
3.1.2.27,COA
3.1.2.3,COA
3.1.2.4,COA
3.1.2.5,COA
3.1.2.6,GSH
3.1.2.7,GSH
3.1.21.3,SAM
3.1.21.5,SAM
3.1.3.43,FAD
3.1.4.52,HEA
3.13.1.1,NAD
3.13.1.3,FAD
3.13.1.3,FMN
3.13.1.4,FAD
3.13.1.9,NAD
3.2.1.122,NAD
3.2.1.20,NAD
3.2.1.22,NAD
3.2.1.49,NAD
3.2.1.86,NAD
3.2.2.5,NAD
3.3.1.1,NAD
3.3.1.2,SAM
3.3.1.B1,NAD
3.4.11.18,B12
3.4.21.21,MQ7
3.4.21.6,MQ7
3.4.21.69,MQ7
3.5.1.10,NAD
3.5.1.61,PLP
3.5.1.78,GSH
3.5.1.9,PLP
3.5.1.98,NAD
3.5.3.8,THF
3.5.3.8,GSH
3.5.4.9,NAD
3.5.99.7,PLP
3.6.1.18,FAD
3.6.1.18,FMN
3.7.1.11,TDP
3.7.1.11,FAD
3.7.1.11,NAD
3.7.1.2,TDP
3.7.1.3,PLP
3.8.1.7,COM
3.8.1.7,COA
4.1.1.1,B12
4.1.1.1,TDP
4.1.1.1,TDP
4.1.1.101,NAD
4.1.1.102,FMN
4.1.1.105,PLP
4.1.1.106,FAD
4.1.1.107,PLP
4.1.1.108,PLP
4.1.1.109,PLP
4.1.1.11,PLP
4.1.1.111,HEA
4.1.1.112,NAD
4.1.1.112,BTN
4.1.1.116,PLP
4.1.1.117,PLP
4.1.1.118,FMN
4.1.1.12,PLP
4.1.1.14,PLP
4.1.1.15,PLP
4.1.1.16,PLP
4.1.1.17,PLP
4.1.1.18,PLP
4.1.1.19,PLP
4.1.1.20,PLP
4.1.1.22,PLP
4.1.1.24,PLP
4.1.1.25,PLP
4.1.1.28,PLP
4.1.1.29,PLP
4.1.1.3,NAD
4.1.1.3,BTN
4.1.1.31,COM
4.1.1.31,COA
4.1.1.35,NAD
4.1.1.36,FAD
4.1.1.36,FMN
4.1.1.41,BTN
4.1.1.43,TDP
4.1.1.47,TDP
4.1.1.47,TDP
4.1.1.47,FAD
4.1.1.50,SAM
4.1.1.50,TDP
4.1.1.50,PLP
4.1.1.53,PLP
4.1.1.57,PLP
4.1.1.64,PLP
4.1.1.65,PLP
4.1.1.7,TDP
4.1.1.70,FAD
4.1.1.70,BTN
4.1.1.70,BTN
4.1.1.71,TDP
4.1.1.71,TDP
4.1.1.71,NAD
4.1.1.72,TDP
4.1.1.73,NAD
4.1.1.74,TDP
4.1.1.74,TDP
4.1.1.74,FMN
4.1.1.74,BTN
4.1.1.75,TDP
4.1.1.75,TDP
4.1.1.75,NAD
4.1.1.79,TDP
4.1.1.8,TDP
4.1.1.81,PLP
4.1.1.82,TDP
4.1.1.86,PLP
4.1.1.89,BTN
4.1.1.90,MQ7
4.1.1.95,PLP
4.1.1.96,PLP
4.1.1.98,FMN
4.1.1.B11,HEA
4.1.1.B12,PLP
4.1.1.B13,PLP
4.1.1.B4,NAD
4.1.2.10,FAD
4.1.2.14,TDP
4.1.2.22,TDP
4.1.2.26,PLP
4.1.2.27,PLP
4.1.2.32,ASC
4.1.2.32,FMN
4.1.2.32,NAD
4.1.2.35,TDP
4.1.2.38,TDP
4.1.2.42,PLP
4.1.2.47,FAD
4.1.2.48,PLP
4.1.2.49,PLP
4.1.2.5,PLP
4.1.2.61,NAD
4.1.2.9,TDP
4.1.3.30,NAD
4.1.3.36,COA
4.1.3.38,PLP
4.1.3.39,NAD
4.1.3.41,PLP
4.1.3.44,SAM
4.1.3.6,COM
4.1.3.6,COA
4.1.99.1,PLP
4.1.99.11,FAD
4.1.99.13,FAD
4.1.99.14,SAM
4.1.99.15,SAM
4.1.99.17,SAM
4.1.99.2,PLP
4.1.99.22,SAM
4.1.99.23,SAM
4.1.99.3,THF
4.1.99.3,THF
4.1.99.3,FAD
4.1.99.3,FAD
4.1.99.3,FMN
4.1.99.5,NAD
4.2.1.10,NAD
4.2.1.112,MGD
4.2.1.113,TDP
4.2.1.115,NAD
4.2.1.120,FAD
4.2.1.121,HEA
4.2.1.122,PLP
4.2.1.135,NAD
4.2.1.144,PLP
4.2.1.145,PLP
4.2.1.164,PLP
4.2.1.168,PLP
4.2.1.17,NAD
4.2.1.175,FAD
4.2.1.20,PLP
4.2.1.22,SAM
4.2.1.22,HEA
4.2.1.22,PLP
4.2.1.22,PLP
4.2.1.28,B12
4.2.1.3,TDP
4.2.1.30,B12
4.2.1.45,NAD
4.2.1.46,NAD
4.2.1.47,NAD
4.2.1.49,NAD
4.2.1.50,PLP
4.2.1.53,FAD
4.2.1.54,FAD
4.2.1.61,PNS
4.2.1.76,NAD
4.2.1.92,HEA
4.2.1.93,NAD
4.2.1.B25,FAD
4.2.1.B9,HEA
4.2.2.27,NAD
4.2.3.1,PLP
4.2.3.124,NAD
4.2.3.134,PLP
4.2.3.152,NAD
4.2.3.154,NAD
4.2.3.155,NAD
4.2.3.2,PLP
4.2.3.4,NAD
4.2.3.5,FAD
4.2.3.5,FMN
4.3.1.12,NAD
4.3.1.13,PLP
4.3.1.15,PLP
4.3.1.16,PLP
4.3.1.17,PLP
4.3.1.18,PLP
4.3.1.19,PLP
4.3.1.2,B12
4.3.1.20,PLP
4.3.1.22,NAD
4.3.1.23,MDO
4.3.1.24,MDO
4.3.1.25,MDO
4.3.1.26,HEA
4.3.1.27,PLP
4.3.1.28,NAD
4.3.1.29,PLP
4.3.1.3,B12
4.3.1.30,SAM
4.3.1.7,B12
4.3.1.9,PLP
4.3.3.7,FAD
4.3.3.7,FMN
4.3.99.3,SAM
4.4.1.1,PLP
4.4.1.10,PLP
4.4.1.11,PLP
4.4.1.13,PLP
4.4.1.14,SAM
4.4.1.14,PLP
4.4.1.15,PLP
4.4.1.16,PLP
4.4.1.17,NAD
4.4.1.2,PLP
4.4.1.20,GSH
4.4.1.22,GSH
4.4.1.25,PLP
4.4.1.28,PLP
4.4.1.35,PLP
4.4.1.36,PLP
4.4.1.4,PLP
4.4.1.5,GSH
4.4.1.6,PLP
4.4.1.8,PLP
4.4.1.9,PLP
4.5.1.1,GSH
4.5.1.2,PLP
4.5.1.3,GSH
4.5.1.5,PLP
4.6.1.15,FAD
4.6.1.2,HEA
4.7.1.1,SAM
4.99.1.1,HEA
4.99.1.2,FAD
4.99.1.3,HEA
4.99.1.5,HEA
4.99.1.6,HEA
4.99.1.6,PLP
4.99.1.7,HEA
4.99.1.7,HEA
4.99.1.7,FMN
5.1.1.1,FAD
5.1.1.1,PLP
5.1.1.1,PLP
5.1.1.10,PLP
5.1.1.11,PNS
5.1.1.12,PLP
5.1.1.13,PLP
5.1.1.15,PLP
5.1.1.17,PLP
5.1.1.18,PLP
5.1.1.2,PLP
5.1.1.21,PLP
5.1.1.24,PLP
5.1.1.3,PLP
5.1.1.5,PLP
5.1.1.6,PLP
5.1.1.9,PLP
5.1.2.3,NAD
5.1.3.10,NAD
5.1.3.12,NAD
5.1.3.13,NAD
5.1.3.16,NAD
5.1.3.18,NAD
5.1.3.2,NAD
5.1.3.20,NAD
5.1.3.5,NAD
5.1.3.6,NAD
5.1.3.7,NAD
5.2.1.12,HEA
5.2.1.13,FAD
5.2.1.13,FMN
5.2.1.4,GSH
5.2.1.6,NAD
5.3.1.12,FAD
5.3.1.12,NAD
5.3.3.1,NAD
5.3.3.13,FAD
5.3.3.2,FAD
5.3.3.2,FMN
5.3.3.2,NAD
5.3.3.3,FAD
5.3.3.B2,FAD
5.3.4.1,UQ1
5.3.4.1,GSH
5.3.99.2,GSH
5.3.99.3,HEA
5.3.99.3,GSH
5.3.99.3,GSH
5.3.99.4,HEA
5.3.99.5,HEA
5.3.99.6,HEA
5.3.99.8,FAD
5.4.3.2,SAM
5.4.3.2,PLP
5.4.3.2,PLP
5.4.3.3,B12
5.4.3.3,B12
5.4.3.3,FAD
5.4.3.3,PLP
5.4.3.4,B12
5.4.3.4,PLP
5.4.3.5,B12
5.4.3.5,PLP
5.4.3.5,PLP
5.4.3.6,MDO
5.4.3.7,B12
5.4.3.8,PLP
5.4.3.9,PLP
5.4.4.5,HEA
5.4.4.6,HEA
5.4.99.1,B12
5.4.99.13,B12
5.4.99.13,COM
5.4.99.13,COA
5.4.99.2,B12
5.4.99.3,ASC
5.4.99.4,B12
5.4.99.5,NAD
5.4.99.58,SAM
5.4.99.63,B12
5.4.99.64,B12
5.4.99.9,FAD
5.4.99.9,FMN
5.4.99.9,NAD
5.5.1.18,FAD
5.5.1.18,FMN
5.5.1.19,FAD
5.5.1.20,FAD
5.5.1.3,NAD
5.5.1.34,NAD
5.5.1.35,NAD
5.5.1.4,NAD
5.99.1.4,GSH
6.2.1.1,COA
6.2.1.10,PNS
6.2.1.10,COA
6.2.1.11,COA
6.2.1.12,COA
6.2.1.13,NAD
6.2.1.13,COA
6.2.1.14,COA
6.2.1.15,COA
6.2.1.16,COA
6.2.1.17,COA
6.2.1.18,COA
6.2.1.2,COA
6.2.1.23,COA
6.2.1.24,COA
6.2.1.25,COA
6.2.1.26,COA
6.2.1.27,COA
6.2.1.28,COA
6.2.1.3,COA
6.2.1.30,COA
6.2.1.31,COA
6.2.1.32,COA
6.2.1.33,COA
6.2.1.34,COA
6.2.1.4,COA
6.2.1.5,COA
6.2.1.6,COA
6.2.1.7,COA
6.2.1.8,COA
6.2.1.9,COA
6.3.2.11,NAD
6.3.2.3,GSH
6.3.2.5,FMN
6.3.4.15,BTN
6.3.4.6,BTN
6.4.1.1,BTN
6.4.1.2,BTN
6.4.1.3,BTN
6.4.1.4,BTN
6.4.1.5,BTN
6.4.1.7,BTN
6.5.1.1,NAD
6.5.1.2,NAD
6.6.1.2,HEA
7.1.1.1,FAD
7.1.1.1,NAD
7.1.1.2,UQ1
7.1.1.2,FAD
7.1.1.2,FMN
7.1.1.2,NAD
7.1.1.3,UQ1
7.1.1.3,HEA
7.1.1.4,HEA
7.1.1.5,HEA
7.1.1.6,HEA
7.1.1.7,HEA
7.1.1.8,UQ1
7.1.1.8,HEA
7.1.1.9,HEA
7.2.1.1,UQ1
7.2.1.1,FAD
7.2.1.1,FMN
7.2.1.1,NAD
7.2.1.2,HEA
7.2.1.2,FAD
7.2.1.2,FMN
7.2.1.2,NAD
7.2.1.3,ASC
7.2.1.3,HEA
7.2.4.2,BTN
7.2.4.3,BTN
7.2.4.4,BTN
7.2.4.5,BTN
7.2.4.5,FAD
1.2.1.13,ATP
1.2.1.30,ATP
1.2.1.31,ATP
1.2.1.59,ATP
1.2.1.95,ATP
1.2.3.9,ATP
1.3.1.33,ATP
1.3.1.84,ATP
1.3.3.3,ATP
1.3.5.1,ATP
1.3.7.7,ATP
1.3.7.8,ATP
1.5.1.6,ATP
1.5.5.2,ATP
1.5.99.B2,ATP
1.8.98.2,ATP
1.12.1.2,ATP
1.13.12.7,ATP
1.14.11.18,ATP
1.14.13.40,ATP
1.14.15.15,ATP
1.14.19.22,ATP
1.14.19.30,ATP
1.18.6.1,ATP
1.19.6.1,ATP
2.1.1.2,ATP
2.1.1.13,ATP
2.1.1.253,ATP
2.1.3.2,ATP
2.1.3.7,ATP
2.1.3.12,ATP
2.2.1.6,ATP
2.3.1.75,ATP
2.4.1.34,ATP
2.4.1.74,ATP
2.4.1.148,ATP
2.4.2.12,ATP
2.5.1.6,ATP
2.5.1.17,ATP
2.5.1.27,ATP
2.5.1.32,ATP
2.5.1.66,ATP
2.5.1.112,ATP
2.7.1.1,ATP
2.7.1.2,ATP
2.7.1.4,ATP
2.7.1.5,ATP
2.7.1.6,ATP
2.7.1.B6,ATP
2.7.1.7,ATP
2.7.1.11,ATP
2.7.1.12,ATP
2.7.1.17,ATP
2.7.1.19,ATP
2.7.1.20,ATP
2.7.1.21,ATP
2.7.1.22,ATP
2.7.1.24,ATP
2.7.1.26,ATP
2.7.1.B27,ATP
2.7.1.B28,ATP
2.7.1.29,ATP
2.7.1.30,ATP
2.7.1.32,ATP
2.7.1.33,ATP
2.7.1.35,ATP
2.7.1.36,ATP
2.7.1.40,ATP
2.7.1.43,ATP
2.7.1.45,ATP
2.7.1.48,ATP
2.7.1.49,ATP
2.7.1.50,ATP
2.7.1.52,ATP
2.7.1.56,ATP
2.7.1.58,ATP
2.7.1.59,ATP
2.7.1.60,ATP
2.7.1.66,ATP
2.7.1.67,ATP
2.7.1.68,ATP
2.7.1.71,ATP
2.7.1.72,ATP
2.7.1.73,ATP
2.7.1.74,ATP
2.7.1.76,ATP
2.7.1.78,ATP
2.7.1.82,ATP
2.7.1.84,ATP
2.7.1.86,ATP
2.7.1.89,ATP
2.7.1.91,ATP
2.7.1.94,ATP
2.7.1.95,ATP
2.7.1.100,ATP
2.7.1.105,ATP
2.7.1.107,ATP
2.7.1.113,ATP
2.7.1.119,ATP
2.7.1.127,ATP
2.7.1.130,ATP
2.7.1.134,ATP
2.7.1.136,ATP
2.7.1.137,ATP
2.7.1.138,ATP
2.7.1.144,ATP
2.7.1.145,ATP
2.7.1.148,ATP
2.7.1.149,ATP
2.7.1.150,ATP
2.7.1.151,ATP
2.7.1.153,ATP
2.7.1.154,ATP
2.7.1.156,ATP
2.7.1.157,ATP
2.7.1.158,ATP
2.7.1.159,ATP
2.7.1.162,ATP
2.7.1.163,ATP
2.7.1.164,ATP
2.7.1.165,ATP
2.7.1.167,ATP
2.7.1.170,ATP
2.7.1.171,ATP
2.7.1.173,ATP
2.7.1.175,ATP
2.7.1.176,ATP
2.7.1.189,ATP
2.7.1.213,ATP
2.7.2.1,ATP
2.7.2.2,ATP
2.7.2.3,ATP
2.7.2.4,ATP
2.7.2.7,ATP
2.7.2.8,ATP
2.7.2.11,ATP
2.7.2.15,ATP
2.7.3.2,ATP
2.7.3.3,ATP
2.7.3.4,ATP
2.7.3.5,ATP
2.7.4.1,ATP
2.7.4.2,ATP
2.7.4.6,ATP
2.7.4.8,ATP
2.7.4.9,ATP
2.7.4.13,ATP
2.7.4.14,ATP
2.7.4.16,ATP
2.7.4.21,ATP
2.7.4.22,ATP
2.7.4.23,ATP
2.7.4.24,ATP
2.7.4.25,ATP
2.7.4.26,ATP
2.7.6.1,ATP
2.7.6.2,ATP
2.7.6.3,ATP
2.7.6.5,ATP
2.7.7.2,ATP
2.7.7.4,ATP
2.7.7.18,ATP
2.7.7.27,ATP
2.7.7.42,ATP
2.7.7.47,ATP
2.7.7.73,ATP
2.7.7.89,ATP
2.7.7.100,ATP
2.7.9.1,ATP
2.7.9.2,ATP
2.7.9.3,ATP
2.7.9.4,ATP
2.7.9.5,ATP
2.7.10.1,ATP
2.7.10.2,ATP
2.7.11.1,ATP
2.7.11.2,ATP
2.7.11.4,ATP
2.7.11.5,ATP
2.7.11.7,ATP
2.7.11.8,ATP
2.7.11.9,ATP
2.7.11.10,ATP
2.7.11.11,ATP
2.7.11.12,ATP
2.7.11.13,ATP
2.7.11.14,ATP
2.7.11.15,ATP
2.7.11.16,ATP
2.7.11.17,ATP
2.7.11.18,ATP
2.7.11.19,ATP
2.7.11.20,ATP
2.7.11.21,ATP
2.7.11.22,ATP
2.7.11.23,ATP
2.7.11.24,ATP
2.7.11.25,ATP
2.7.11.26,ATP
2.7.11.27,ATP
2.7.11.30,ATP
2.7.11.31,ATP
2.7.12.1,ATP
2.7.12.2,ATP
2.7.13.3,ATP
2.8.1.4,ATP
2.8.1.11,ATP
3.1.1.13,ATP
3.1.2.1,ATP
3.1.11.3,ATP
3.1.11.5,ATP
3.1.21.3,ATP
3.1.21.5,ATP
3.4.21.53,ATP
3.4.21.92,ATP
3.4.23.34,ATP
3.4.24.B17,ATP
3.4.24.B18,ATP
3.4.24.B19,ATP
3.4.24.B20,ATP
3.4.24.B23,ATP
3.4.24.70,ATP
3.4.25.1,ATP
3.4.25.2,ATP
3.5.1.78,ATP
3.5.1.98,ATP
3.5.1.119,ATP
3.5.2.9,ATP
3.5.4.13,ATP
3.6.1.3,ATP
3.6.4.7,ATP
4.1.1.33,ATP
4.1.1.42,ATP
4.1.1.49,ATP
4.1.1.71,ATP
4.1.99.3,ATP
4.2.1.54,ATP
4.2.1.93,ATP
4.2.1.136,ATP
4.3.1.12,ATP
4.3.1.18,ATP
4.4.1.37,ATP
4.6.1.2,ATP
5.1.1.18,ATP
5.1.1.23,ATP
5.1.3.8,ATP
5.3.4.1,ATP
5.4.3.3,ATP
5.4.3.6,ATP
5.4.99.13,ATP
5.6.2.2,ATP
5.99.1.3,ATP
6.1.1.1,ATP
6.1.1.2,ATP
6.1.1.3,ATP
6.1.1.B3,ATP
6.1.1.4,ATP
6.1.1.5,ATP
6.1.1.6,ATP
6.1.1.7,ATP
6.1.1.9,ATP
6.1.1.10,ATP
6.1.1.11,ATP
6.1.1.12,ATP
6.1.1.13,ATP
6.1.1.14,ATP
6.1.1.15,ATP
6.1.1.16,ATP
6.1.1.17,ATP
6.1.1.18,ATP
6.1.1.19,ATP
6.1.1.20,ATP
6.1.1.21,ATP
6.1.1.22,ATP
6.1.1.23,ATP
6.1.1.24,ATP
6.1.1.26,ATP
6.1.1.27,ATP
6.1.2.1,ATP
6.1.2.2,ATP
6.2.1.1,ATP
6.2.1.2,ATP
6.2.1.3,ATP
6.2.1.B3,ATP
6.2.1.4,ATP
6.2.1.5,ATP
6.2.1.8,ATP
6.2.1.9,ATP
6.2.1.B11,ATP
6.2.1.12,ATP
6.2.1.13,ATP
6.2.1.14,ATP
6.2.1.15,ATP
6.2.1.16,ATP
6.2.1.17,ATP
6.2.1.18,ATP
6.2.1.20,ATP
6.2.1.25,ATP
6.2.1.26,ATP
6.2.1.30,ATP
6.2.1.32,ATP
6.2.1.33,ATP
6.2.1.38,ATP
6.2.1.39,ATP
6.2.1.42,ATP
6.2.1.45,ATP
6.2.1.46,ATP
6.2.1.54,ATP
6.2.1.55,ATP
6.3.1.1,ATP
6.3.1.2,ATP
6.3.1.4,ATP
6.3.1.5,ATP
6.3.1.6,ATP
6.3.1.8,ATP
6.3.1.9,ATP
6.3.1.10,ATP
6.3.1.11,ATP
6.3.1.12,ATP
6.3.1.13,ATP
6.3.1.14,ATP
6.3.1.19,ATP
6.3.1.20,ATP
6.3.2.1,ATP
6.3.2.2,ATP
6.3.2.B2,ATP
6.3.2.3,ATP
6.3.2.B3,ATP
6.3.2.4,ATP
6.3.2.B4,ATP
6.3.2.6,ATP
6.3.2.7,ATP
6.3.2.8,ATP
6.3.2.9,ATP
6.3.2.10,ATP
6.3.2.11,ATP
6.3.2.12,ATP
6.3.2.13,ATP
6.3.2.14,ATP
6.3.2.B16,ATP
6.3.2.17,ATP
6.3.2.18,ATP
6.3.2.23,ATP
6.3.2.24,ATP
6.3.2.25,ATP
6.3.2.26,ATP
6.3.2.29,ATP
6.3.2.30,ATP
6.3.2.35,ATP
6.3.2.36,ATP
6.3.2.37,ATP
6.3.2.41,ATP
6.3.2.42,ATP
6.3.2.48,ATP
6.3.2.49,ATP
6.3.2.51,ATP
6.3.2.52,ATP
6.3.2.53,ATP
6.3.2.57,ATP
6.3.2.58,ATP
6.3.3.2,ATP
6.3.3.3,ATP
6.3.3.4,ATP
6.3.3.6,ATP
6.3.4.2,ATP
6.3.4.3,ATP
6.3.4.5,ATP
6.3.4.6,ATP
6.3.4.10,ATP
6.3.4.12,ATP
6.3.4.13,ATP
6.3.4.14,ATP
6.3.4.15,ATP
6.3.4.16,ATP
6.3.4.18,ATP
6.3.4.20,ATP
6.3.4.21,ATP
6.3.5.1,ATP
6.3.5.2,ATP
6.3.5.3,ATP
6.3.5.4,ATP
6.3.5.5,ATP
6.3.5.6,ATP
6.3.5.7,ATP
6.3.5.10,ATP
6.4.1.1,ATP
6.4.1.2,ATP
6.4.1.3,ATP
6.4.1.4,ATP
6.4.1.6,ATP
6.5.1.1,ATP
6.5.1.3,ATP
6.5.1.4,ATP
6.6.1.1,ATP
6.6.1.2,ATP
7.1.2.2,ATP
7.2.2.1,ATP
7.2.2.2,ATP
7.2.2.6,ATP
7.2.2.9,ATP
7.2.2.12,ATP
7.2.2.13,ATP
7.2.2.14,ATP
7.2.2.19,ATP
7.2.2.21,ATP
7.3.2.1,ATP
7.3.2.4,ATP
7.3.2.5,ATP
7.3.2.7,ATP
7.4.2.1,ATP
7.4.2.2,ATP
7.4.2.3,ATP
7.4.2.5,ATP
7.4.2.6,ATP
7.4.2.8,ATP
7.4.2.10,ATP
7.5.2.1,ATP
7.5.2.3,ATP
7.5.2.5,ATP
7.5.2.6,ATP
7.5.2.7,ATP
7.6.2.1,ATP
7.6.2.B1,ATP
7.6.2.2,ATP
7.6.2.3,ATP
7.6.2.4,ATP
7.6.2.5,ATP
7.6.2.8,ATP
7.6.2.9,ATP
7.6.2.10,ATP
7.6.2.11,ATP
7.6.2.16,ATP
